ISO-10303-21;
HEADER;
FILE_DESCRIPTION (( 'STEP AP214' ),
    '1' );
FILE_NAME ('Tolva.STEP',
    '2026-09-11T18:28:18',
    ( '' ),
    ( '' ),
    'SwSTEP 2.0',
    'SolidWorks 2025',
    '' );
FILE_SCHEMA (( 'AUTOMOTIVE_DESIGN' ));
ENDSEC;

DATA;
#1 = CARTESIAN_POINT ( 'NONE',  ( -275.6512469312862663, 386.2854035170688007, -156.5421653370676722 ) ) ;
#2 = ORIENTED_EDGE ( 'NONE', *, *, #2099, .T. ) ;
#3 = CARTESIAN_POINT ( 'NONE',  ( -278.2469068478091572, 386.2824661511813247, 158.0465709756232684 ) ) ;
#4 = CARTESIAN_POINT ( 'NONE',  ( -276.9821729583358660, 394.6901037734502324, 160.2528065639599220 ) ) ;
#5 = DIRECTION ( 'NONE',  ( -0.000000000000000000, -1.000000000000000000, -0.000000000000000000 ) ) ;
#6 = CARTESIAN_POINT ( 'NONE',  ( 0.000000000000000000, 3.000000000000002665, 0.000000000000000000 ) ) ;
#7 = DIRECTION ( 'NONE',  ( 0.000000000000000000, 0.000000000000000000, 1.000000000000000000 ) ) ;
#8 = CARTESIAN_POINT ( 'NONE',  ( 304.1219733709100979, 95.42234073877372680, -608.2439467418200820 ) ) ;
#9 = DIRECTION ( 'NONE',  ( 0.000000000000000000, 0.000000000000000000, -1.000000000000000000 ) ) ;
#10 = CARTESIAN_POINT ( 'NONE',  ( -275.2511582915120130, 385.9190539997342171, -157.2446313061252283 ) ) ;
#11 = CARTESIAN_POINT ( 'NONE',  ( 273.3950142594390513, 394.0945607926249750, -160.4500733972737407 ) ) ;
#12 = CARTESIAN_POINT ( 'NONE',  ( -275.4181196695379299, 393.1649840806185807, -162.9260644449493611 ) ) ;
#13 = ORIENTED_EDGE ( 'NONE', *, *, #659, .F. ) ;
#14 = CARTESIAN_POINT ( 'NONE',  ( -275.9932561561262787, 394.0945966113253007, 161.9499367690094118 ) ) ;
#15 = ORIENTED_EDGE ( 'NONE', *, *, #69, .T. ) ;
#16 = B_SPLINE_CURVE_WITH_KNOTS ( 'NONE', 3,
 ( #1971, #2167, #250, #847, #451, #1982, #1025, #874, #834, #1600, #2368, #1114, #1511, #2066, #1879, #725, #1490, #1075 ),
 .UNSPECIFIED., .F., .F.,
 ( 4, 2, 2, 2, 2, 2, 2, 2, 4 ),
 ( 0.000000000000000000, 0.0008795262800677540850, 0.001759052560135508170, 0.002638578840203262364, 0.003518105120271016340, 0.004397631400338770750, 0.005277157680406526462, 0.006156683960474280438, 0.007036210240542036150 ),
 .UNSPECIFIED. ) ;
#17 = CARTESIAN_POINT ( 'NONE',  ( -3.388568275389170825, 393.1655400678438923, 319.9821256833033090 ) ) ;
#18 = CARTESIAN_POINT ( 'NONE',  ( 271.5106749471391367, 51.71458988864115014, 0.000000000000000000 ) ) ;
#19 = B_SPLINE_CURVE_WITH_KNOTS ( 'NONE', 3,
 ( #1519, #1928, #1329, #970 ),
 .UNSPECIFIED., .F., .F.,
 ( 4, 4 ),
 ( 0.000000000000000000, 1.000000000000000000 ),
 .UNSPECIFIED. ) ;
#20 = CARTESIAN_POINT ( 'NONE',  ( 275.1123327275951738, 385.8341587474126300, -157.4874241156998664 ) ) ;
#21 = CARTESIAN_POINT ( 'NONE',  ( 125.0000000000000000, 0.000000000000000000, 3.061616997868383121E-14 ) ) ;
#22 = ORIENTED_EDGE ( 'NONE', *, *, #2000, .F. ) ;
#23 = CARTESIAN_POINT ( 'NONE',  ( -275.0839966282160844, 392.1856892247492965, -163.4894723252999995 ) ) ;
#24 = VERTEX_POINT ( 'NONE', #994 ) ;
#25 = CARTESIAN_POINT ( 'NONE',  ( -274.9682179970544667, 391.6391267771759885, 163.6841221686639756 ) ) ;
#26 = CARTESIAN_POINT ( 'NONE',  ( 1.164729679795833306, 394.5465460999703282, 316.9979908850387460 ) ) ;
#27 = CONICAL_SURFACE ( 'NONE', #2028, 197.0508374963454798, 0.4475199751571309337 ) ;
#28 = ORIENTED_EDGE ( 'NONE', *, *, #1173, .F. ) ;
#29 = CARTESIAN_POINT ( 'NONE',  ( 7.332110811570579794E-13, 0.000000000000000000, 105.0000000000000000 ) ) ;
#30 = CARTESIAN_POINT ( 'NONE',  ( 6.735557395310425260E-16, 0.000000000000000000, -99.50000000000000000 ) ) ;
#31 = CIRCLE ( 'NONE', #822, 5.499999999999991118 ) ;
#32 = AXIS2_PLACEMENT_3D ( 'NONE', #1968, #5, #2126 ) ;
#33 = EDGE_CURVE ( 'NONE', #1904, #1840, #783, .T. ) ;
#34 = CIRCLE ( 'NONE', #1269, 5.499999999999991118 ) ;
#35 = CARTESIAN_POINT ( 'NONE',  ( 273.5284429592423976, 386.1444402016296067, -160.2225486868521216 ) ) ;
#36 = CARTESIAN_POINT ( 'NONE',  ( 276.5293532602185564, 392.1870454327910238, -154.9855781326815531 ) ) ;
#37 = VECTOR ( 'NONE', #2227, 1000.000000000000000 ) ;
#38 = CARTESIAN_POINT ( 'NONE',  ( -275.6277269532421315, 386.8026843500837231, 162.5712124177356941 ) ) ;
#39 = CARTESIAN_POINT ( 'NONE',  ( 0.000000000000000000, 150.0000000000000284, 0.000000000000000000 ) ) ;
#40 = EDGE_CURVE ( 'NONE', #2464, #1757, #860, .T. ) ;
#41 = CARTESIAN_POINT ( 'NONE',  ( -278.1194630639581078, 394.2351179764718268, 158.2707730175011136 ) ) ;
#42 = EDGE_CURVE ( 'NONE', #312, #1383, #889, .T. ) ;
#43 = CARTESIAN_POINT ( 'NONE',  ( 3.390389923959342244, 393.1634506293587492, 316.9819368856774418 ) ) ;
#44 = VERTEX_POINT ( 'NONE', #1857 ) ;
#45 = CARTESIAN_POINT ( 'NONE',  ( 3.882130353297109876E-14, 276.6677123335954320, -317.0000000000000000 ) ) ;
#46 = CARTESIAN_POINT ( 'NONE',  ( 192.0265652266533891, 10.78574458508401612, 0.000000000000000000 ) ) ;
#47 = CARTESIAN_POINT ( 'NONE',  ( -90.93266739736617410, -8.817456953860914693E-16, -52.49999999999978684 ) ) ;
#48 =( LENGTH_UNIT ( ) NAMED_UNIT ( * ) SI_UNIT ( .MILLI., .METRE. ) );
#49 = CARTESIAN_POINT ( 'NONE',  ( 272.5557973398380227, 392.4425692637141765, -161.8714441184247903 ) ) ;
#50 = CARTESIAN_POINT ( 'NONE',  ( 274.6802932608565015, 394.6897489075612384, 158.2397691054724476 ) ) ;
#51 = DIRECTION ( 'NONE',  ( -0.000000000000000000, 1.000000000000000000, -0.000000000000000000 ) ) ;
#52 = CARTESIAN_POINT ( 'NONE',  ( -277.8512027998222038, 394.4594985851111346, 158.7412436301095511 ) ) ;
#53 = CARTESIAN_POINT ( 'NONE',  ( 4.500000000000007994, 390.1899999999999977, 316.9680583276492030 ) ) ;
#54 = ORIENTED_EDGE ( 'NONE', *, *, #66, .T. ) ;
#55 = CARTESIAN_POINT ( 'NONE',  ( -2.741783952441327443, 393.7703412428684260, 316.9882368289033252 ) ) ;
#56 = CARTESIAN_POINT ( 'NONE',  ( 272.3263646224694980, 389.0214294073225005, -162.2570628331811236 ) ) ;
#57 = FACE_OUTER_BOUND ( 'NONE', #2091, .T. ) ;
#58 = CARTESIAN_POINT ( 'NONE',  ( 272.5578986039167262, 392.4495687199323015, 161.8679058711913683 ) ) ;
#59 = FACE_OUTER_BOUND ( 'NONE', #396, .T. ) ;
#60 = CARTESIAN_POINT ( 'NONE',  ( -275.1090895405133097, 394.5473773031233122, 157.4930840020676612 ) ) ;
#61 = CARTESIAN_POINT ( 'NONE',  ( -275.6507818032023920, 386.2846573819332434, 156.5429877393908669 ) ) ;
#62 = ORIENTED_EDGE ( 'NONE', *, *, #1814, .F. ) ;
#63 = CARTESIAN_POINT ( 'NONE',  ( 7.332110811570579794E-13, 0.000000000000000000, 105.0000000000000000 ) ) ;
#64 = CARTESIAN_POINT ( 'NONE',  ( -4.471506517824494154, 389.6042325083312221, -319.9687624518430198 ) ) ;
#65 = AXIS2_PLACEMENT_3D ( 'NONE', #1724, #607, #404 ) ;
#66 = EDGE_CURVE ( 'NONE', #2015, #1285, #1668, .T. ) ;
#68 = AXIS2_PLACEMENT_3D ( 'NONE', #232, #1197, #254 ) ;
#67 = CARTESIAN_POINT ( 'NONE',  ( 276.6401433102437863, 388.7393190845423874, -154.7877381173616982 ) ) ;
#69 = EDGE_CURVE ( 'NONE', #1347, #547, #1946, .T. ) ;
#70 = CARTESIAN_POINT ( 'NONE',  ( 275.6306881324152300, 393.5827475941377998, -162.5661954524213115 ) ) ;
#71 = CARTESIAN_POINT ( 'NONE',  ( -276.9805750694886797, 394.6898956609595075, -160.2555683354648579 ) ) ;
#72 = AXIS2_PLACEMENT_3D ( 'NONE', #210, #2156, #185 ) ;
#73 = CYLINDRICAL_SURFACE ( 'NONE', #68, 4.500000000000003553 ) ;
#74 = CIRCLE ( 'NONE', #1271, 317.0000000000000000 ) ;
#75 = ORIENTED_EDGE ( 'NONE', *, *, #2456, .T. ) ;
#76 = DIRECTION ( 'NONE',  ( 0.000000000000000000, -1.000000000000000000, 0.000000000000000000 ) ) ;
#77 = CARTESIAN_POINT ( 'NONE',  ( -2.971760964977832042, 393.5821731651103619, -319.9862696238419062 ) ) ;
#78 = ORIENTED_EDGE ( 'NONE', *, *, #208, .T. ) ;
#79 = CARTESIAN_POINT ( 'NONE',  ( 276.5425196410556055, 385.8342731233331619, -161.0103026010166047 ) ) ;
#80 = DIRECTION ( 'NONE',  ( -0.000000000000000000, -0.000000000000000000, 1.000000000000000000 ) ) ;
#81 = B_SPLINE_CURVE_WITH_KNOTS ( 'NONE', 3,
 ( #1258, #2218, #502, #2195, #130, #641, #1052, #1040, #1821, #1245, #1834, #463, #2383, #2370, #1403, #651, #1233, #862 ),
 .UNSPECIFIED., .F., .F.,
 ( 4, 2, 2, 2, 2, 2, 2, 2, 4 ),
 ( 0.01406923413761099369, 0.01494882982774419986, 0.01582842551787740429, 0.01670802120801061219, 0.01758761689814381662, 0.01846721258827702106, 0.01934680827841022549, 0.02022640396854343339, 0.02110599965867663783 ),
 .UNSPECIFIED. ) ;
#82 = CARTESIAN_POINT ( 'NONE',  ( 310.8318138636667527, 112.3568612975818297, 621.6636277273338465 ) ) ;
#83 = CARTESIAN_POINT ( 'NONE',  ( 3.882130353297109876E-14, 276.6677123335954320, -317.0000000000000000 ) ) ;
#84 = CARTESIAN_POINT ( 'NONE',  ( -278.4908612207115084, 386.6126078102876704, -157.6163065537505190 ) ) ;
#85 = CARTESIAN_POINT ( 'NONE',  ( -278.4899310180985594, 393.7687521983996248, -157.6179488024192210 ) ) ;
#86 = DIRECTION ( 'NONE',  ( 0.000000000000000000, 0.000000000000000000, -1.000000000000000000 ) ) ;
#87 = CARTESIAN_POINT ( 'NONE',  ( -90.93266739736617410, 3.000000000000000000, -52.49999999999978684 ) ) ;
#88 = CARTESIAN_POINT ( 'NONE',  ( 3.918869766628437441E-14, 394.6899999999999977, -320.0000000000000000 ) ) ;
#89 = ORIENTED_EDGE ( 'NONE', *, *, #1331, .F. ) ;
#90 = CARTESIAN_POINT ( 'NONE',  ( -2.253261876965681143, 386.2837187068106459, 319.9921600257818000 ) ) ;
#91 = DIRECTION ( 'NONE',  ( -0.000000000000000000, 1.000000000000000000, -0.000000000000000000 ) ) ;
#92 = CARTESIAN_POINT ( 'NONE',  ( 310.8318138636669232, 112.3568612975818155, 7.613183718426111135E-14 ) ) ;
#93 = DIRECTION ( 'NONE',  ( 1.000000000000000000, 0.000000000000000000, 1.224646799147353207E-16 ) ) ;
#94 = CARTESIAN_POINT ( 'NONE',  ( -278.8997240726513951, 387.4445585787375990, -156.8915899489036576 ) ) ;
#95 = CARTESIAN_POINT ( 'NONE',  ( 275.6513467308359395, 394.0945607926249750, 156.5419909180467926 ) ) ;
#96 = LINE ( 'NONE', #1617, #264 ) ;
#97 = ORIENTED_EDGE ( 'NONE', *, *, #2361, .T. ) ;
#98 = CARTESIAN_POINT ( 'NONE',  ( -275.6487665784891874, 394.0975337670343492, 156.5465338209933179 ) ) ;
#99 = DIRECTION ( 'NONE',  ( 0.000000000000000000, 0.000000000000000000, 1.000000000000000000 ) ) ;
#100 = ORIENTED_EDGE ( 'NONE', *, *, #326, .F. ) ;
#101 = CARTESIAN_POINT ( 'NONE',  ( 277.7071818697033905, 385.8326226471950804, -158.9930935425539928 ) ) ;
#102 = CARTESIAN_POINT ( 'NONE',  ( -4.356356666246703924, 389.0239593962083973, -319.9703509266121273 ) ) ;
#103 = DIRECTION ( 'NONE',  ( -0.000000000000000000, 1.000000000000000000, -0.000000000000000000 ) ) ;
#104 = DIRECTION ( 'NONE',  ( 5.299427168093073914E-17, -0.9015230574682734366, 0.4327310675847715338 ) ) ;
#105 = CARTESIAN_POINT ( 'NONE',  ( 303.1088913245550884, 390.1899999999999977, 174.9999999999971863 ) ) ;
#106 = CARTESIAN_POINT ( 'NONE',  ( -4.270601285233721178, 388.7411889708677109, -316.9712521850582334 ) ) ;
#107 = CARTESIAN_POINT ( 'NONE',  ( -276.6402084529094623, 391.6398933330091836, -154.7876210341311776 ) ) ;
#108 = ORIENTED_EDGE ( 'NONE', *, *, #2374, .F. ) ;
#109 = AXIS2_PLACEMENT_3D ( 'NONE', #601, #420, #437 ) ;
#110 = CARTESIAN_POINT ( 'NONE',  ( -274.6765152834085484, 394.6902479103262067, 158.2463269216283379 ) ) ;
#111 = CIRCLE ( 'NONE', #1508, 5.499999999999991118 ) ;
#112 = CARTESIAN_POINT ( 'NONE',  ( -4.500000000000007994, 390.1899999999999977, -319.9683578105810398 ) ) ;
#113 = ADVANCED_FACE ( 'NONE', ( #57 ), #2397, .F. ) ;
#114 = ORIENTED_EDGE ( 'NONE', *, *, #554, .T. ) ;
#115 = CARTESIAN_POINT ( 'NONE',  ( -1.994903061230620001, 386.1455626743383505, 319.9938979355707147 ) ) ;
#116 = CARTESIAN_POINT ( 'NONE',  ( -2.743957760135863566, 386.6112557078957934, -319.9883289597608496 ) ) ;
#117 = CARTESIAN_POINT ( 'NONE',  ( 314.4035070647303201, 125.0926478796915831, 628.8070141294609812 ) ) ;
#118 = CARTESIAN_POINT ( 'NONE',  ( 3.882130353297109876E-14, 150.0000000000000284, -317.0000000000000000 ) ) ;
#119 = CARTESIAN_POINT ( 'NONE',  ( 0.5914937912371455164, 394.6606459164266880, 319.9995833843482274 ) ) ;
#120 = CARTESIAN_POINT ( 'NONE',  ( 2.416172178494123909E-14, 704.2053900641531072, -197.2954308275950837 ) ) ;
#121 = CARTESIAN_POINT ( 'NONE',  ( -274.8259649525086274, 394.6604450016369015, -157.9866187404172422 ) ) ;
#122 = EDGE_LOOP ( 'NONE', ( #1712, #819 ) ) ;
#123 = DIRECTION ( 'NONE',  ( 0.000000000000000000, 0.000000000000000000, -1.000000000000000000 ) ) ;
#124 = DIRECTION ( 'NONE',  ( -0.000000000000000000, 1.000000000000000000, -0.000000000000000000 ) ) ;
#125 = EDGE_LOOP ( 'NONE', ( #1172, #775, #832, #799 ) ) ;
#126 = DIRECTION ( 'NONE',  ( 1.224646799147355426E-16, 0.000000000000000000, -1.000000000000000000 ) ) ;
#127 = FACE_OUTER_BOUND ( 'NONE', #2077, .T. ) ;
#128 = CARTESIAN_POINT ( 'NONE',  ( 314.4035070647304906, 125.0926478796915688, 7.700664971350488094E-14 ) ) ;
#129 = CARTESIAN_POINT ( 'NONE',  ( 0.000000000000000000, 704.2053900641531072, 197.2954308275950837 ) ) ;
#130 = CARTESIAN_POINT ( 'NONE',  ( -4.269850472659852514, 391.6406364738734851, -316.9712620430130983 ) ) ;
#131 = CYLINDRICAL_SURFACE ( 'NONE', #1951, 4.500000000000007994 ) ;
#132 = CARTESIAN_POINT ( 'NONE',  ( 2.743957760135871560, 386.6112557078957934, 319.9883289597607927 ) ) ;
#133 = ORIENTED_EDGE ( 'NONE', *, *, #1076, .T. ) ;
#134 = CARTESIAN_POINT ( 'NONE',  ( 276.7523906999732617, 390.1899999999999977, 154.5869148467920411 ) ) ;
#135 = CARTESIAN_POINT ( 'NONE',  ( -125.0000000000000284, 0.000000000000000000, 249.9999999999999147 ) ) ;
#136 = ORIENTED_EDGE ( 'NONE', *, *, #1212, .T. ) ;
#137 = EDGE_CURVE ( 'NONE', #1876, #1534, #220, .T. ) ;
#138 = DIRECTION ( 'NONE',  ( -0.000000000000000000, -1.000000000000000000, -0.000000000000000000 ) ) ;
#139 = CARTESIAN_POINT ( 'NONE',  ( -131.1640497075167957, 3.040308620855203703, 262.3280994150335914 ) ) ;
#140 = CARTESIAN_POINT ( 'NONE',  ( 279.3364956477997794, 390.7796889604188095, -156.1125410320899221 ) ) ;
#141 = CARTESIAN_POINT ( 'NONE',  ( 90.93266739736543514, 3.000000000000000000, -47.00000000000106581 ) ) ;
#142 = CARTESIAN_POINT ( 'NONE',  ( 210.9703240350002034, 16.66110728174800215, -421.9406480700003499 ) ) ;
#143 = ADVANCED_FACE ( 'NONE', ( #678 ), #489, .F. ) ;
#144 = CARTESIAN_POINT ( 'NONE',  ( -276.6823863118605118, 391.3554265736014486, -154.7121857294565928 ) ) ;
#145 = ORIENTED_EDGE ( 'NONE', *, *, #2399, .T. ) ;
#146 = CARTESIAN_POINT ( 'NONE',  ( 275.1119089975933321, 385.8340600301260679, 157.4881608610299963 ) ) ;
#147 = AXIS2_PLACEMENT_3D ( 'NONE', #538, #1293, #1693 ) ;
#148 = AXIS2_PLACEMENT_3D ( 'NONE', #2062, #1674, #1516 ) ;
#149 = VERTEX_POINT ( 'NONE', #301 ) ;
#150 = CARTESIAN_POINT ( 'NONE',  ( -278.8071705827152869, 393.1649840806185239, 157.0560560738883282 ) ) ;
#151 = CIRCLE ( 'NONE', #1670, 317.0000000000000000 ) ;
#152 = CARTESIAN_POINT ( 'NONE',  ( 3.578270470493174482, 387.4455705430153785, 316.9798455994458664 ) ) ;
#153 = VECTOR ( 'NONE', #576, 1000.000000000000000 ) ;
#154 = FACE_OUTER_BOUND ( 'NONE', #1550, .T. ) ;
#155 = CARTESIAN_POINT ( 'NONE',  ( 275.0839966282172782, 392.1856892247492397, 163.4894723252981521 ) ) ;
#156 = CARTESIAN_POINT ( 'NONE',  ( -310.8318138636669232, 112.3568612975818155, -3.806591859213055568E-14 ) ) ;
#157 = EDGE_CURVE ( 'NONE', #2015, #1383, #1064, .T. ) ;
#158 = CARTESIAN_POINT ( 'NONE',  ( -4.355620734142554795, 389.0216870413757988, -316.9700804063606370 ) ) ;
#159 = LINE ( 'NONE', #732, #1990 ) ;
#160 = ORIENTED_EDGE ( 'NONE', *, *, #2356, .T. ) ;
#161 = CARTESIAN_POINT ( 'NONE',  ( 273.9442764245673061, 385.8341587474126300, 159.5105569786451554 ) ) ;
#162 = ORIENTED_EDGE ( 'NONE', *, *, #503, .F. ) ;
#163 = CARTESIAN_POINT ( 'NONE',  ( 0.5899338506240657809, 394.6607700638112988, -316.9995812689751915 ) ) ;
#164 = CARTESIAN_POINT ( 'NONE',  ( 0.2934494770554281207, 385.6899999999999409, 317.0000000000001137 ) ) ;
#165 = CARTESIAN_POINT ( 'NONE',  ( 0.000000000000000000, 704.2053900641531072, 0.000000000000000000 ) ) ;
#166 = CARTESIAN_POINT ( 'NONE',  ( 275.3212493910770036, 392.9333741718508577, 163.0896572706131735 ) ) ;
#167 = DIRECTION ( 'NONE',  ( 0.000000000000000000, 0.000000000000000000, 1.000000000000000000 ) ) ;
#168 = VERTEX_POINT ( 'NONE', #118 ) ;
#169 = CARTESIAN_POINT ( 'NONE',  ( 279.3507262711535759, 390.1899999999999977, 156.0870645882579595 ) ) ;
#170 = VERTEX_POINT ( 'NONE', #2422 ) ;
#171 = CARTESIAN_POINT ( 'NONE',  ( 3.918869757271530421E-14, 150.0000000000000284, -320.0000000000000000 ) ) ;
#172 = CARTESIAN_POINT ( 'NONE',  ( 210.9703240350002034, 16.66110728174800215, 5.167282640890858550E-14 ) ) ;
#173 = ORIENTED_EDGE ( 'NONE', *, *, #1455, .F. ) ;
#174 = CARTESIAN_POINT ( 'NONE',  ( -2.746448248174659934, 393.7669589477316094, 319.9883085212806009 ) ) ;
#175 = FACE_BOUND ( 'NONE', #882, .T. ) ;
#176 = CARTESIAN_POINT ( 'NONE',  ( 174.8739957108788872, 7.128835295609105671, 0.000000000000000000 ) ) ;
#177 = DIRECTION ( 'NONE',  ( -0.000000000000000000, 1.000000000000000000, -0.000000000000000000 ) ) ;
#178 = DIRECTION ( 'NONE',  ( 0.000000000000000000, 0.000000000000000000, 1.000000000000000000 ) ) ;
#179 = ORIENTED_EDGE ( 'NONE', *, *, #1393, .F. ) ;
#180 = CARTESIAN_POINT ( 'NONE',  ( -277.7071818697044705, 385.8326226471950804, 158.9930935425519749 ) ) ;
#181 = ORIENTED_EDGE ( 'NONE', *, *, #1207, .F. ) ;
#182 = CARTESIAN_POINT ( 'NONE',  ( 274.8656694081175829, 389.5985613323842927, 163.8562393418748684 ) ) ;
#183 = CARTESIAN_POINT ( 'NONE',  ( -127.0462727737098589, 3.000000000000000000, -1.555868112959252930E-14 ) ) ;
#184 = DIRECTION ( 'NONE',  ( 0.000000000000000000, 0.000000000000000000, 1.000000000000000000 ) ) ;
#185 = DIRECTION ( 'NONE',  ( 0.000000000000000000, 0.000000000000000000, -1.000000000000000000 ) ) ;
#186 = CIRCLE ( 'NONE', #1544, 125.0000000000000000 ) ;
#187 = EDGE_CURVE ( 'NONE', #1507, #595, #1333, .T. ) ;
#189 = CARTESIAN_POINT ( 'NONE',  ( 317.0000000000000000, 150.0000000000000284, 0.000000000000000000 ) ) ;
#188 = AXIS2_PLACEMENT_3D ( 'NONE', #961, #1727, #830 ) ;
#190 = DIRECTION ( 'NONE',  ( 0.5000000000000057732, 0.000000000000000000, 0.8660254037844353769 ) ) ;
#191 = CARTESIAN_POINT ( 'NONE',  ( -272.5573813974916106, 387.9324688617950301, 161.8687752593622804 ) ) ;
#192 = CARTESIAN_POINT ( 'NONE',  ( 275.2506481795811055, 394.4613303756572691, -157.2455250885049907 ) ) ;
#193 = CARTESIAN_POINT ( 'NONE',  ( -278.1191228108853011, 386.1443800572978944, 158.2713745772498442 ) ) ;
#194 = ORIENTED_EDGE ( 'NONE', *, *, #479, .T. ) ;
#195 = CARTESIAN_POINT ( 'NONE',  ( 276.1265924812242361, 386.1443800572978944, 161.7225383438445760 ) ) ;
#196 = CARTESIAN_POINT ( 'NONE',  ( 0.2965844622964123878, 385.6899999999999409, -319.9999999999999432 ) ) ;
#197 = VERTEX_POINT ( 'NONE', #563 ) ;
#198 = DIRECTION ( 'NONE',  ( 0.000000000000000000, 0.000000000000000000, 1.000000000000000000 ) ) ;
#199 = CARTESIAN_POINT ( 'NONE',  ( 2.449293598294705803E-14, 700.0000000000000000, -199.9999999999999432 ) ) ;
#200 = CARTESIAN_POINT ( 'NONE',  ( 3.918869757271530421E-14, 449.9999999999999432, 320.0000000000000000 ) ) ;
#201 = CARTESIAN_POINT ( 'NONE',  ( 0.000000000000000000, 449.3172876880689728, 0.000000000000000000 ) ) ;
#202 = CARTESIAN_POINT ( 'NONE',  ( 272.3258762726543409, 391.3554265736014486, -162.2578824610451989 ) ) ;
#203 = CARTESIAN_POINT ( 'NONE',  ( -278.4880711121448371, 386.6083128463777712, 157.6212359289288258 ) ) ;
#204 = B_SPLINE_CURVE_WITH_KNOTS ( 'NONE', 3,
 ( #520, #1030, #680, #1429, #492, #1632, #504, #94, #288, #277, #84, #1042, #850, #1259, #1822, #1603, #2039, #652, #1614, #838, #2024, #318, #2371, #2182, #1067, #2412, #2425, #478, #1470, #2233, #2384, #1080, #1835, #1656 ),
 .UNSPECIFIED., .F., .F.,
 ( 4, 2, 2, 2, 2, 2, 2, 2, 2, 2, 2, 2, 2, 2, 2, 2, 4 ),
 ( 0.01406923084737501072, 0.01494835918664569677, 0.01582748752591638455, 0.01670661586518706887, 0.01758574420445775666, 0.01846487254372844444, 0.01934400088299913223, 0.02022312922226981655, 0.02110225756154050433, 0.02198138590081118865, 0.02286051424008187644, 0.02373964257935256422, 0.02461877091862325201, 0.02549789925789393633, 0.02637702759716462064, 0.02725615593643530843, 0.02813528427570599622 ),
 .UNSPECIFIED. ) ;
#205 = CARTESIAN_POINT ( 'NONE',  ( -278.2489223163120187, 394.0953426832020909, 158.0430249926860995 ) ) ;
#206 = CARTESIAN_POINT ( 'NONE',  ( 2.975413821555016991, 393.5786671527635008, 316.9861037462407580 ) ) ;
#207 = ORIENTED_EDGE ( 'NONE', *, *, #290, .T. ) ;
#208 = EDGE_CURVE ( 'NONE', #932, #547, #381, .T. ) ;
#209 = CARTESIAN_POINT ( 'NONE',  ( -4.354542232274195790, 391.3630291109363952, 316.9700953483844614 ) ) ;
#210 = CARTESIAN_POINT ( 'NONE',  ( 90.93266739736654358, 3.000000000000000000, 52.49999999999914735 ) ) ;
#211 = CARTESIAN_POINT ( 'NONE',  ( 131.1640497075167957, 3.040308620855203259, 0.000000000000000000 ) ) ;
#212 = CARTESIAN_POINT ( 'NONE',  ( 274.6776046329072756, 385.6901043399970490, -158.2444301121541059 ) ) ;
#213 = EDGE_CURVE ( 'NONE', #2292, #1048, #1141, .T. ) ;
#214 = CARTESIAN_POINT ( 'NONE',  ( 272.8186436442391027, 393.1621553760974166, -161.4280974693590167 ) ) ;
#215 = CARTESIAN_POINT ( 'NONE',  ( -274.8656742070288033, 390.7796889604188095, -163.8562309190733970 ) ) ;
#216 = EDGE_CURVE ( 'NONE', #296, #1876, #1905, .T. ) ;
#217 = CARTESIAN_POINT ( 'NONE',  ( -9.356994741188509429E-23, 394.6899999999999977, 320.0000000000000000 ) ) ;
#218 = CARTESIAN_POINT ( 'NONE',  ( -277.2756808111697069, 394.6898956609595075, 159.7444301972681444 ) ) ;
#219 = CARTESIAN_POINT ( 'NONE',  ( 4.470861824201580959, 389.5988740119746581, -319.9687715664679217 ) ) ;
#220 = CIRCLE ( 'NONE', #1464, 5.499999999999991118 ) ;
#221 = ORIENTED_EDGE ( 'NONE', *, *, #157, .T. ) ;
#222 = CARTESIAN_POINT ( 'NONE',  ( 3.905526707587126278, 387.9353599419553120, -316.9759826224033077 ) ) ;
#223 = DIRECTION ( 'NONE',  ( -0.000000000000000000, -1.000000000000000000, -0.000000000000000000 ) ) ;
#224 = AXIS2_PLACEMENT_3D ( 'NONE', #1485, #2087, #1527 ) ;
#225 = CARTESIAN_POINT ( 'NONE',  ( 148.9930312403102732, 3.868073794247531172, -297.9860624806204896 ) ) ;
#226 = AXIS2_PLACEMENT_3D ( 'NONE', #105, #865, #2400 ) ;
#227 = CIRCLE ( 'NONE', #1589, 320.0000000000000000 ) ;
#228 = CARTESIAN_POINT ( 'NONE',  ( 273.0324993875406676, 386.7972524840832875, -161.0661305877343636 ) ) ;
#229 = ADVANCED_FACE ( 'NONE', ( #739, #1882, #2096 ), #551, .T. ) ;
#230 = CARTESIAN_POINT ( 'NONE',  ( 273.9444269252771846, 394.5457268233213313, -159.5102933032502790 ) ) ;
#231 = CARTESIAN_POINT ( 'NONE',  ( -278.8082762531915364, 393.1627623350315162, -157.0540965302963912 ) ) ;
#232 = CARTESIAN_POINT ( 'NONE',  ( -303.1088913245539516, 390.1899999999999977, -174.9999999999992895 ) ) ;
#233 = ORIENTED_EDGE ( 'NONE', *, *, #931, .F. ) ;
#234 = CARTESIAN_POINT ( 'NONE',  ( 278.6046633544170845, 386.8026843500837799, 157.4150073199994040 ) ) ;
#235 =( BOUNDED_SURFACE ( )  B_SPLINE_SURFACE ( 3, 3, ( 
 ( #2216, #1831, #690, #2382 ),
 ( #452, #1425, #1026, #2357 ),
 ( #1219, #500, #640, #848 ),
 ( #2396, #286, #315, #1402 ),
 ( #1983, #2010, #117, #128 ),
 ( #1437, #2021, #82, #92 ),
 ( #875, #261, #836, #2204 ),
 ( #2369, #2194, #650, #1413 ),
 ( #1641, #1256, #2180, #462 ),
 ( #475, #1231, #1998, #1244 ),
 ( #1820, #1039, #300, #1063 ),
 ( #1808, #2409, #1452, #172 ),
 ( #1691, #899, #561, #1137 ),
 ( #518, #1291, #934, #1323 ),
 ( #353, #536, #2094, #2058 ),
 ( #1314, #2229, #1512, #372 ),
 ( #1903, #1100, #1855, #2421 ),
 ( #750, #139, #1465, #1280 ),
 ( #183, #2459, #1501, #1115 ),
 ( #2047, #1880, #1866, #327 ) ),
 .UNSPECIFIED., .F., .F., .T. ) 
 B_SPLINE_SURFACE_WITH_KNOTS ( ( 4, 1, 1, 1, 1, 1, 1, 1, 1, 1, 1, 1, 1, 1, 1, 1, 1, 4 ),
 ( 4, 4 ),
 ( 0.000000000000000000, 0.03125000000000000000, 0.06250000000000000000, 0.1250000000000000000, 0.1875000000000000000, 0.2500000000000000000, 0.3750000000000000000, 0.5000000000000000000, 0.6250000000000000000, 0.6875000000000000000, 0.7500000000000000000, 0.8125000000000000000, 0.8750000000000000000, 0.9062500000000000000, 0.9375000000000000000, 0.9687500000000000000, 0.9843750000000000000, 1.000000000000000000 ),
 ( 0.000000000000000000, 1.000000000000000000 ),
 .UNSPECIFIED. ) 
 GEOMETRIC_REPRESENTATION_ITEM ( )  RATIONAL_B_SPLINE_SURFACE ( (
 ( 1.000000000000000000, 0.3333333333333334259, 0.3333333333333334259, 1.000000000000000000),
 ( 1.000000000000000000, 0.3333333333333334259, 0.3333333333333334259, 1.000000000000000000),
 ( 1.000000000000000000, 0.3333333333333334259, 0.3333333333333334259, 1.000000000000000000),
 ( 1.000000000000000000, 0.3333333333333334259, 0.3333333333333334259, 1.000000000000000000),
 ( 1.000000000000000000, 0.3333333333333334259, 0.3333333333333334259, 1.000000000000000000),
 ( 1.000000000000000000, 0.3333333333333334259, 0.3333333333333334259, 1.000000000000000000),
 ( 1.000000000000000000, 0.3333333333333334259, 0.3333333333333334259, 1.000000000000000000),
 ( 1.000000000000000000, 0.3333333333333334259, 0.3333333333333334259, 1.000000000000000000),
 ( 1.000000000000000000, 0.3333333333333334259, 0.3333333333333334259, 1.000000000000000000),
 ( 1.000000000000000000, 0.3333333333333334259, 0.3333333333333334259, 1.000000000000000000),
 ( 1.000000000000000000, 0.3333333333333334259, 0.3333333333333334259, 1.000000000000000000),
 ( 1.000000000000000000, 0.3333333333333334259, 0.3333333333333334259, 1.000000000000000000),
 ( 1.000000000000000000, 0.3333333333333334259, 0.3333333333333334259, 1.000000000000000000),
 ( 1.000000000000000000, 0.3333333333333334259, 0.3333333333333334259, 1.000000000000000000),
 ( 1.000000000000000000, 0.3333333333333334259, 0.3333333333333334259, 1.000000000000000000),
 ( 1.000000000000000000, 0.3333333333333334259, 0.3333333333333334259, 1.000000000000000000),
 ( 1.000000000000000000, 0.3333333333333334259, 0.3333333333333334259, 1.000000000000000000),
 ( 1.000000000000000000, 0.3333333333333334259, 0.3333333333333334259, 1.000000000000000000),
 ( 1.000000000000000000, 0.3333333333333334259, 0.3333333333333334259, 1.000000000000000000),
 ( 1.000000000000000000, 0.3333333333333334259, 0.3333333333333334259, 1.000000000000000000) ) ) 
 REPRESENTATION_ITEM ( '' )  SURFACE ( )  );
#236 = CARTESIAN_POINT ( 'NONE',  ( 1.995617850441157470, 394.2340549970971892, 316.9938353377993963 ) ) ;
#237 = ORIENTED_EDGE ( 'NONE', *, *, #584, .T. ) ;
#238 = CARTESIAN_POINT ( 'NONE',  ( -4.043703369806901371, 392.1860612364431518, 316.9742277860509603 ) ) ;
#239 = DIRECTION ( 'NONE',  ( 0.000000000000000000, 0.000000000000000000, -1.000000000000000000 ) ) ;
#240 = CARTESIAN_POINT ( 'NONE',  ( 258.3333333333333712, 0.000000000000000000, -516.6666666666666288 ) ) ;
#241 = CARTESIAN_POINT ( 'NONE',  ( -304.1219733709100979, 95.42234073877372680, -3.724420012390615718E-14 ) ) ;
#242 = CARTESIAN_POINT ( 'NONE',  ( 274.8658025957253130, 390.7819645760210392, -163.8560156696535728 ) ) ;
#243 = ADVANCED_FACE ( 'NONE', ( #1316 ), #1538, .T. ) ;
#244 = CARTESIAN_POINT ( 'NONE',  ( 274.2364284086500561, 394.6612271963286958, 159.0077482073118915 ) ) ;
#245 = DIRECTION ( 'NONE',  ( 0.000000000000000000, -1.000000000000000000, 0.000000000000000000 ) ) ;
#246 = CARTESIAN_POINT ( 'NONE',  ( -274.3798065647521867, 394.6897489075612384, 158.7602273301238540 ) ) ;
#247 = CARTESIAN_POINT ( 'NONE',  ( 90.93266739736543514, -8.817456953860914693E-16, -52.50000000000105871 ) ) ;
#248 = VERTEX_POINT ( 'NONE', #762 ) ;
#249 = DIRECTION ( 'NONE',  ( -0.000000000000000000, -1.000000000000000000, -0.000000000000000000 ) ) ;
#250 = CARTESIAN_POINT ( 'NONE',  ( -4.470808334329807288, 389.6001784587926409, 316.9684765778553697 ) ) ;
#251 = CARTESIAN_POINT ( 'NONE',  ( 272.2523906999700216, 389.8963026165785095, -162.3811434808577587 ) ) ;
#252 = CARTESIAN_POINT ( 'NONE',  ( 276.7523906999700785, 390.4872623356778263, -154.5869148467978391 ) ) ;
#253 = CARTESIAN_POINT ( 'NONE',  ( -279.0594332531856026, 392.4475309644364529, -156.6073410494203415 ) ) ;
#254 = DIRECTION ( 'NONE',  ( 0.4999999999999938938, 0.000000000000000000, -0.8660254037844421493 ) ) ;
#255 = ORIENTED_EDGE ( 'NONE', *, *, #370, .F. ) ;
#256 = CARTESIAN_POINT ( 'NONE',  ( -273.1469841565869956, 393.7673921974385394, 160.8719519408855092 ) ) ;
#257 = CARTESIAN_POINT ( 'NONE',  ( -273.5284429592435345, 386.1444402016296067, 160.2225486868502458 ) ) ;
#258 = ORIENTED_EDGE ( 'NONE', *, *, #1657, .F. ) ;
#259 = CARTESIAN_POINT ( 'NONE',  ( -1.994903174667014056, 394.2344372607042260, 316.9938401854571453 ) ) ;
#260 = CARTESIAN_POINT ( 'NONE',  ( 0.000000000000000000, 390.1899999999999977, -350.0000000000000000 ) ) ;
#261 = CARTESIAN_POINT ( 'NONE',  ( -304.1219733709101547, 95.42234073877372680, 608.2439467418200820 ) ) ;
#262 = CARTESIAN_POINT ( 'NONE',  ( 4.500000000000007994, 390.1899999999999977, 319.9683578105810398 ) ) ;
#264 = VECTOR ( 'NONE', #868, 1000.000000000000000 ) ;
#263 = DIRECTION ( 'NONE',  ( 0.000000000000000000, 0.000000000000000000, -1.000000000000000000 ) ) ;
#265 = CARTESIAN_POINT ( 'NONE',  ( -276.3995510119203232, 394.4594985851111346, -161.2555782816537828 ) ) ;
#266 = CIRCLE ( 'NONE', #1381, 320.0000000000000000 ) ;
#267 = DIRECTION ( 'NONE',  ( 0.000000000000000000, -1.000000000000000000, 0.000000000000000000 ) ) ;
#268 = AXIS2_PLACEMENT_3D ( 'NONE', #714, #701, #526 ) ;
#269 = VERTEX_POINT ( 'NONE', #2070 ) ;
#270 = CARTESIAN_POINT ( 'NONE',  ( -90.93266739736586146, 3.000000000000000000, 58.00000000000041211 ) ) ;
#271 = CARTESIAN_POINT ( 'NONE',  ( -275.8934184625906028, 386.6136123935316391, 156.1149645873760790 ) ) ;
#272 = ORIENTED_EDGE ( 'NONE', *, *, #840, .F. ) ;
#273 = CARTESIAN_POINT ( 'NONE',  ( -0.5899338827606692703, 385.7192299451947406, 319.9995851944423748 ) ) ;
#274 = CARTESIAN_POINT ( 'NONE',  ( 6.735557395310418357E-16, 3.000000000000000000, -99.50000000000000000 ) ) ;
#275 = CARTESIAN_POINT ( 'NONE',  ( 320.0000000000000000, 150.0000000000000284, -639.9999999999998863 ) ) ;
#276 = CARTESIAN_POINT ( 'NONE',  ( 272.2523906999733754, 390.1899999999999977, 162.3811434808520175 ) ) ;
#277 = CARTESIAN_POINT ( 'NONE',  ( -278.6046633544160613, 386.8026843500837231, -157.4150073200013935 ) ) ;
#278 = CARTESIAN_POINT ( 'NONE',  ( -279.1283143971660365, 392.1845573976197556, -156.4844939934902754 ) ) ;
#279 = DIRECTION ( 'NONE',  ( -0.000000000000000000, -1.000000000000000000, -0.000000000000000000 ) ) ;
#280 = CYLINDRICAL_SURFACE ( 'NONE', #867, 5.499999999999991118 ) ;
#281 = CARTESIAN_POINT ( 'NONE',  ( 3.882130362653544842E-14, 385.6899999999999977, -317.0000000000000000 ) ) ;
#282 = EDGE_LOOP ( 'NONE', ( #2007, #2 ) ) ;
#283 = CARTESIAN_POINT ( 'NONE',  ( 274.8653080903000046, 389.6045426758624330, -163.8568451936601491 ) ) ;
#284 = CARTESIAN_POINT ( 'NONE',  ( 0.000000000000000000, 699.2113762373492136, -197.0508374963454798 ) ) ;
#285 = EDGE_CURVE ( 'NONE', #292, #328, #2261, .T. ) ;
#286 = CARTESIAN_POINT ( 'NONE',  ( -316.1768662589612973, 135.6029410036696561, 632.3537325179223672 ) ) ;
#287 = CARTESIAN_POINT ( 'NONE',  ( 319.9999999999998295, 150.0000000000000284, 640.0000000000000000 ) ) ;
#288 = CARTESIAN_POINT ( 'NONE',  ( -278.8083781026628571, 387.2178446575114776, -157.0539119924943634 ) ) ;
#289 =( LENGTH_UNIT ( ) NAMED_UNIT ( * ) SI_UNIT ( .MILLI., .METRE. ) );
#290 = EDGE_CURVE ( 'NONE', #149, #960, #977, .T. ) ;
#291 = CARTESIAN_POINT ( 'NONE',  ( 0.5891609822784645845, 385.7190964576750503, 319.9995870461477807 ) ) ;
#292 = VERTEX_POINT ( 'NONE', #1868 ) ;
#293 = ADVANCED_FACE ( 'NONE', ( #154 ), #1666, .T. ) ;
#294 = CARTESIAN_POINT ( 'NONE',  ( -274.2334077634619121, 394.6604450016369015, 159.0129578982363228 ) ) ;
#295 = CARTESIAN_POINT ( 'NONE',  ( -276.5297490366039028, 388.1943105393059454, 154.9848723584144352 ) ) ;
#296 = VERTEX_POINT ( 'NONE', #1348 ) ;
#297 = CARTESIAN_POINT ( 'NONE',  ( 277.8487500187378600, 385.9186694644123463, -158.7455403993868686 ) ) ;
#298 = FACE_OUTER_BOUND ( 'NONE', #1765, .T. ) ;
#299 = B_SPLINE_CURVE_WITH_KNOTS ( 'NONE', 3,
 ( #788, #1163, #2316, #1174, #1943, #1216, #222, #1001, #1575, #988, #1959, #1758, #800, #2303, #1564, #423, #2339, #2327 ),
 .UNSPECIFIED., .F., .F.,
 ( 4, 2, 2, 2, 2, 2, 2, 2, 4 ),
 ( 0.000000000000000000, 0.0008795262800677496398, 0.001759052560135499280, 0.002638578840203248919, 0.003518105120270998559, 0.004397631400338748199, 0.005277157680406497839, 0.006156683960474247479, 0.007036210240541997119 ),
 .UNSPECIFIED. ) ;
#300 = CARTESIAN_POINT ( 'NONE',  ( 228.2936883607635252, 23.87575321960808239, 456.5873767215272210 ) ) ;
#301 = CARTESIAN_POINT ( 'NONE',  ( 4.500000000000007994, 390.1899999999999977, -319.9683578105810398 ) ) ;
#302 = CARTESIAN_POINT ( 'NONE',  ( 3.904044189850627511, 392.4470670327823427, 319.9762256398236673 ) ) ;
#303 = FACE_OUTER_BOUND ( 'NONE', #528, .T. ) ;
#304 = PRODUCT_CONTEXT ( 'NONE', #1164, 'mechanical' ) ;
#305 = CIRCLE ( 'NONE', #2342, 5.000000000000004441 ) ;
#306 = EDGE_CURVE ( 'NONE', #534, #482, #2447, .T. ) ;
#307 = CARTESIAN_POINT ( 'NONE',  ( -275.8926892154893835, 393.7673921974384825, -156.1162512762678034 ) ) ;
#308 = AXIS2_PLACEMENT_3D ( 'NONE', #1961, #1972, #1013 ) ;
#309 = CARTESIAN_POINT ( 'NONE',  ( 273.1462344748717896, 386.6136123935316391, 160.8732268318447893 ) ) ;
#310 = AXIS2_PLACEMENT_3D ( 'NONE', #1099, #138, #535 ) ;
#311 = CARTESIAN_POINT ( 'NONE',  ( -320.0000000000000000, 83.33333333333335702, -3.918869757271530421E-14 ) ) ;
#312 = VERTEX_POINT ( 'NONE', #1024 ) ;
#313 = CARTESIAN_POINT ( 'NONE',  ( 275.7451561365779185, 386.6126078102876704, -162.3720072620699284 ) ) ;
#314 = CARTESIAN_POINT ( 'NONE',  ( -279.3364956478008025, 390.7796889604188095, 156.1125410320879894 ) ) ;
#315 = CARTESIAN_POINT ( 'NONE',  ( 316.1768662589610130, 135.6029410036696561, 632.3537325179223672 ) ) ;
#316 = CARTESIAN_POINT ( 'NONE',  ( 274.8507262711503927, 390.4836973516747776, -163.8812932223236487 ) ) ;
#317 = CARTESIAN_POINT ( 'NONE',  ( 3.391792649403694959, 393.1621952557852069, 319.9820930202789100 ) ) ;
#318 = CARTESIAN_POINT ( 'NONE',  ( -276.1265924812232129, 386.1443800572978944, -161.7225383438464519 ) ) ;
#319 = CARTESIAN_POINT ( 'NONE',  ( -273.8039434478577050, 394.4613303756572691, -159.7512911874001986 ) ) ;
#320 = EDGE_CURVE ( 'NONE', #168, #1311, #603, .T. ) ;
#321 = VERTEX_POINT ( 'NONE', #400 ) ;
#322 = DIRECTION ( 'NONE',  ( 0.000000000000000000, 0.000000000000000000, 1.000000000000000000 ) ) ;
#323 = CARTESIAN_POINT ( 'NONE',  ( -276.0036104720086882, 386.7972524840832875, -155.9200152345047456 ) ) ;
#324 = ORIENTED_EDGE ( 'NONE', *, *, #1823, .T. ) ;
#325 = CARTESIAN_POINT ( 'NONE',  ( -303.1088913245539516, 390.1899999999999977, -174.9999999999992895 ) ) ;
#326 = EDGE_CURVE ( 'NONE', #1215, #2464, #809, .T. ) ;
#327 = CARTESIAN_POINT ( 'NONE',  ( 125.0000000000000000, 3.000000000000000000, 3.061616997868383121E-14 ) ) ;
#328 = VERTEX_POINT ( 'NONE', #1372 ) ;
#329 = DIRECTION ( 'NONE',  ( -0.8660254037844328234, 0.000000000000000000, 0.5000000000000101030 ) ) ;
#330 = DIRECTION ( 'NONE',  ( -0.000000000000000000, -0.000000000000000000, 1.000000000000000000 ) ) ;
#331 = CARTESIAN_POINT ( 'NONE',  ( -316.9999999999999432, 147.9576209620995826, -633.9999999999998863 ) ) ;
#332 = CARTESIAN_POINT ( 'NONE',  ( -272.5578986039155893, 392.4495687199322447, -161.8679058711932726 ) ) ;
#333 = ORIENTED_EDGE ( 'NONE', *, *, #491, .T. ) ;
#334 = CARTESIAN_POINT ( 'NONE',  ( 272.5563563979433184, 387.9358221490450660, 161.8705015191346774 ) ) ;
#335 = CARTESIAN_POINT ( 'NONE',  ( 124.9999999999999432, 0.000000000000000000, 249.9999999999999716 ) ) ;
#336 = ORIENTED_EDGE ( 'NONE', *, *, #290, .F. ) ;
#337 = LINE ( 'NONE', #1700, #37 ) ;
#339 = ADVANCED_FACE ( 'NONE', ( #1188 ), #1011, .F. ) ;
#338 = DIRECTION ( 'NONE',  ( 0.000000000000000000, 0.000000000000000000, -1.000000000000000000 ) ) ;
#340 = ORIENTED_EDGE ( 'NONE', *, *, #2148, .F. ) ;
#341 = CARTESIAN_POINT ( 'NONE',  ( 2.746448248174664819, 393.7669589477316094, -319.9883085212806009 ) ) ;
#342 = FACE_BOUND ( 'NONE', #1574, .T. ) ;
#343 = CARTESIAN_POINT ( 'NONE',  ( -160.3217237896145377, 5.021197216058748580, -320.6434475792290755 ) ) ;
#345 = AXIS2_PLACEMENT_3D ( 'NONE', #2394, #2214, #2008 ) ;
#344 = FACE_OUTER_BOUND ( 'NONE', #472, .T. ) ;
#346 = ORIENTED_EDGE ( 'NONE', *, *, #1120, .T. ) ;
#347 = DIRECTION ( 'NONE',  ( -0.000000000000000000, -1.000000000000000000, -0.000000000000000000 ) ) ;
#348 = CIRCLE ( 'NONE', #2387, 5.499999999999991118 ) ;
#349 = VECTOR ( 'NONE', #104, 1000.000000000000227 ) ;
#350 = EDGE_LOOP ( 'NONE', ( #1250, #1435 ) ) ;
#351 = CARTESIAN_POINT ( 'NONE',  ( 7.338846368965890605E-13, 3.000000000000000000, 110.4999999999999858 ) ) ;
#352 = CIRCLE ( 'NONE', #1953, 317.0000000000000000 ) ;
#353 = CARTESIAN_POINT ( 'NONE',  ( -160.3217237896145662, 5.021197216058748580, -1.963374858727375612E-14 ) ) ;
#354 = AXIS2_PLACEMENT_3D ( 'NONE', #1838, #2404, #123 ) ;
#355 = CARTESIAN_POINT ( 'NONE',  ( 4.500000000000007994, 390.1899999999999977, -319.9683578105810398 ) ) ;
#356 = CARTESIAN_POINT ( 'NONE',  ( 277.2740879913117169, 394.6901037734502324, 159.7471948953528056 ) ) ;
#357 = CARTESIAN_POINT ( 'NONE',  ( 148.9930312403102732, 3.868073794247531172, 0.000000000000000000 ) ) ;
#358 = CYLINDRICAL_SURFACE ( 'NONE', #1468, 320.0000000000000000 ) ;
#359 = ORIENTED_EDGE ( 'NONE', *, *, #2104, .F. ) ;
#360 = CARTESIAN_POINT ( 'NONE',  ( 276.4611621528283649, 387.9324688617950301, 155.1072286495096364 ) ) ;
#361 = ORIENTED_EDGE ( 'NONE', *, *, #1978, .F. ) ;
#362 = CARTESIAN_POINT ( 'NONE',  ( 4.500000000000007994, 390.4871043774711552, -316.9680583276492598 ) ) ;
#363 = CARTESIAN_POINT ( 'NONE',  ( 3.904044088840521010, 387.9329327974652415, 316.9760006302700504 ) ) ;
#364 = DIRECTION ( 'NONE',  ( 0.000000000000000000, 0.000000000000000000, 1.000000000000000000 ) ) ;
#365 = CARTESIAN_POINT ( 'NONE',  ( -4.500000000000007994, 390.1899999999999977, -350.0000000000000000 ) ) ;
#366 = CARTESIAN_POINT ( 'NONE',  ( 249.2575460202308761, 35.08542727601752631, 0.000000000000000000 ) ) ;
#367 = ORIENTED_EDGE ( 'NONE', *, *, #616, .F. ) ;
#368 = CARTESIAN_POINT ( 'NONE',  ( -276.1238339216582744, 386.1471278720209170, 161.7272467656884771 ) ) ;
#369 = ORIENTED_EDGE ( 'NONE', *, *, #2321, .T. ) ;
#370 = EDGE_CURVE ( 'NONE', #782, #1311, #299, .T. ) ;
#371 = CARTESIAN_POINT ( 'NONE',  ( -276.1265692276265327, 394.2355599520954570, 161.7225772177006888 ) ) ;
#372 = CARTESIAN_POINT ( 'NONE',  ( 148.9930312403102732, 3.868073794247531172, 3.649276776074151462E-14 ) ) ;
#373 = CARTESIAN_POINT ( 'NONE',  ( -4.269853551294914062, 391.6410020333395323, 319.9715317396509704 ) ) ;
#374 = CARTESIAN_POINT ( 'NONE',  ( 160.3217237896145662, 5.021197216058748580, -320.6434475792290755 ) ) ;
#375 = CARTESIAN_POINT ( 'NONE',  ( 4.500000000000007994, 390.1899999999999977, -316.9680583276492030 ) ) ;
#376 = CARTESIAN_POINT ( 'NONE',  ( -272.7236679417368919, 387.4450409166619238, 161.5884510187188994 ) ) ;
#377 = CARTESIAN_POINT ( 'NONE',  ( 272.7237248225634971, 392.9354415330159327, -161.5883566456625999 ) ) ;
#378 = CARTESIAN_POINT ( 'NONE',  ( -275.0830019335118095, 388.1985457222194782, 163.4911453427324943 ) ) ;
#379 = EDGE_CURVE ( 'NONE', #595, #1048, #940, .T. ) ;
#380 = ORIENTED_EDGE ( 'NONE', *, *, #2190, .F. ) ;
#381 = CIRCLE ( 'NONE', #464, 202.2954308275951121 ) ;
#382 = FACE_BOUND ( 'NONE', #2201, .T. ) ;
#383 = STYLED_ITEM ( 'NONE', ( #2273 ), #880 ) ;
#384 = CARTESIAN_POINT ( 'NONE',  ( 0.000000000000000000, 704.2053900641531072, 192.2954308275950837 ) ) ;
#385 = EDGE_LOOP ( 'NONE', ( #713, #1410, #620, #2326 ) ) ;
#386 = CARTESIAN_POINT ( 'NONE',  ( -3.905526831665231846, 392.4446398459719489, 319.9762078005166472 ) ) ;
#387 = CARTESIAN_POINT ( 'NONE',  ( 278.8997773678755152, 392.9349589842598220, 156.8914935307460325 ) ) ;
#388 = AXIS2_PLACEMENT_3D ( 'NONE', #488, #1627, #1051 ) ;
#390 = CARTESIAN_POINT ( 'NONE',  ( -131.1640497075167957, 3.040308620855203703, -262.3280994150335914 ) ) ;
#389 = VECTOR ( 'NONE', #1361, 1000.000000000000000 ) ;
#391 = FACE_OUTER_BOUND ( 'NONE', #1637, .T. ) ;
#392 = CARTESIAN_POINT ( 'NONE',  ( -276.7523906999721817, 390.1899999999999977, -154.5869148467939738 ) ) ;
#393 = VERTEX_POINT ( 'NONE', #1780 ) ;
#394 = CARTESIAN_POINT ( 'NONE',  ( -277.2745913016352688, 385.6897520822676029, 159.7463271903559416 ) ) ;
#395 = ADVANCED_FACE ( 'NONE', ( #624 ), #27, .F. ) ;
#396 = EDGE_LOOP ( 'NONE', ( #2333, #1618, #1939, #380 ) ) ;
#397 = CARTESIAN_POINT ( 'NONE',  ( -275.7461132643388737, 393.7687521983996817, 162.3703805586402495 ) ) ;
#398 = CARTESIAN_POINT ( 'NONE',  ( 0.5899338827607029101, 385.7192299451947406, -319.9995851944423748 ) ) ;
#399 = ORIENTED_EDGE ( 'NONE', *, *, #477, .F. ) ;
#400 = CARTESIAN_POINT ( 'NONE',  ( -125.0000000000000000, 0.000000000000000000, -2.724839128102861149E-14 ) ) ;
#401 = CARTESIAN_POINT ( 'NONE',  ( 160.3217237896145662, 5.021197216058748580, 0.000000000000000000 ) ) ;
#402 = ADVANCED_FACE ( 'NONE', ( #439 ), #1793, .F. ) ;
#403 = CARTESIAN_POINT ( 'NONE',  ( -174.8739957108788872, 7.128835295609105671, -2.141588791014358114E-14 ) ) ;
#404 = DIRECTION ( 'NONE',  ( 0.000000000000000000, 0.000000000000000000, -1.000000000000000000 ) ) ;
#405 = LINE ( 'NONE', #1914, #1832 ) ;
#406 = DIRECTION ( 'NONE',  ( 0.000000000000000000, 0.000000000000000000, -1.000000000000000000 ) ) ;
#407 = ORIENTED_EDGE ( 'NONE', *, *, #632, .F. ) ;
#408 = CARTESIAN_POINT ( 'NONE',  ( 278.8083781026639372, 387.2178446575115345, 157.0539119924924023 ) ) ;
#409 =( BOUNDED_SURFACE ( )  B_SPLINE_SURFACE ( 3, 3, ( 
 ( #426, #1553, #592, #1363 ),
 ( #1191, #240, #2341, #2130 ),
 ( #810, #626, #1388, #2157 ),
 ( #441, #275, #1797, #1612 ) ),
 .UNSPECIFIED., .F., .F., .T. ) 
 B_SPLINE_SURFACE_WITH_KNOTS ( ( 4, 4 ),
 ( 4, 4 ),
 ( 0.000000000000000000, 1.000000000000000000 ),
 ( 0.000000000000000000, 1.000000000000000000 ),
 .UNSPECIFIED. ) 
 GEOMETRIC_REPRESENTATION_ITEM ( )  RATIONAL_B_SPLINE_SURFACE ( (
 ( 1.000000000000000000, 0.3333333333333334259, 0.3333333333333334259, 1.000000000000000000),
 ( 1.000000000000000000, 0.3333333333333334259, 0.3333333333333334259, 1.000000000000000000),
 ( 1.000000000000000000, 0.3333333333333334259, 0.3333333333333334259, 1.000000000000000000),
 ( 1.000000000000000000, 0.3333333333333334259, 0.3333333333333334259, 1.000000000000000000) ) ) 
 REPRESENTATION_ITEM ( '' )  SURFACE ( )  );
#410 = CARTESIAN_POINT ( 'NONE',  ( 3.918869760071741141E-14, 385.6899999999999977, -320.0000000000000000 ) ) ;
#411 = EDGE_LOOP ( 'NONE', ( #598, #133, #237, #1853, #258 ) ) ;
#412 = CARTESIAN_POINT ( 'NONE',  ( -0.5899338506240353608, 394.6607700638113556, 316.9995812689752483 ) ) ;
#413 = CARTESIAN_POINT ( 'NONE',  ( 7.332110811570579794E-13, -8.817456953860914693E-16, 99.50000000000000000 ) ) ;
#414 = ADVANCED_FACE ( 'NONE', ( #820 ), #2183, .T. ) ;
#415 = CARTESIAN_POINT ( 'NONE',  ( 272.4847162813380805, 392.1814545063087394, -161.9910242925628268 ) ) ;
#416 = CARTESIAN_POINT ( 'NONE',  ( -279.3365005427063466, 389.5985613323842927, 156.1125326647064071 ) ) ;
#417 = CARTESIAN_POINT ( 'NONE',  ( 300.8588913245514505, 390.1899999999999977, -178.8971143170334699 ) ) ;
#418 = ORIENTED_EDGE ( 'NONE', *, *, #187, .F. ) ;
#419 = CARTESIAN_POINT ( 'NONE',  ( 276.9816731589274923, 385.6897520822676029, 160.2536762959846897 ) ) ;
#420 = DIRECTION ( 'NONE',  ( -0.000000000000000000, -1.000000000000000000, -0.000000000000000000 ) ) ;
#421 = VECTOR ( 'NONE', #329, 1000.000000000000000 ) ;
#422 = EDGE_LOOP ( 'NONE', ( #515, #2151, #963, #1238 ) ) ;
#423 = CARTESIAN_POINT ( 'NONE',  ( 0.5856642726339728044, 385.7184524262742684, -316.9995921320140724 ) ) ;
#424 = CARTESIAN_POINT ( 'NONE',  ( 127.0462727737098589, 3.000000000000000000, 0.000000000000000000 ) ) ;
#425 = CIRCLE ( 'NONE', #224, 5.000000000000004441 ) ;
#426 = CARTESIAN_POINT ( 'NONE',  ( 125.0000000000000000, 0.000000000000000000, 0.000000000000000000 ) ) ;
#427 = CIRCLE ( 'NONE', #2473, 5.499999999999991118 ) ;
#428 = AXIS2_PLACEMENT_3D ( 'NONE', #1749, #582, #2310 ) ;
#429 =( NAMED_UNIT ( * ) PLANE_ANGLE_UNIT ( ) SI_UNIT ( $, .RADIAN. ) );
#430 = CARTESIAN_POINT ( 'NONE',  ( 275.9932561561251987, 394.0945966113253007, -161.9499367690113729 ) ) ;
#431 = CARTESIAN_POINT ( 'NONE',  ( 276.7523906999732617, 390.1899999999999977, 154.5869148467920411 ) ) ;
#432 = CARTESIAN_POINT ( 'NONE',  ( -90.93266739736617410, 3.000000000000000000, -52.49999999999978684 ) ) ;
#433 = ORIENTED_EDGE ( 'NONE', *, *, #1730, .T. ) ;
#434 = B_SPLINE_CURVE_WITH_KNOTS ( 'NONE', 3,
 ( #88, #2212, #658, #856, #1009, #1791, #673, #2006, #77, #484, #1620, #844, #831, #1057, #2392, #1434, #1252, #112 ),
 .UNSPECIFIED., .F., .F.,
 ( 4, 2, 2, 2, 2, 2, 2, 2, 4 ),
 ( 0.007036208581305989848, 0.007915336364564616589, 0.008794464147823245065, 0.009673591931081873541, 0.01055271971434050028, 0.01143184749759912702, 0.01231097528085775376, 0.01319010306411638050, 0.01406923084737500725 ),
 .UNSPECIFIED. ) ;
#435 = EDGE_CURVE ( 'NONE', #932, #1726, #663, .T. ) ;
#436 = CARTESIAN_POINT ( 'NONE',  ( -272.7237248225646340, 392.9354415330159327, 161.5883566456606957 ) ) ;
#437 = DIRECTION ( 'NONE',  ( 0.000000000000000000, 0.000000000000000000, -1.000000000000000000 ) ) ;
#438 = EDGE_LOOP ( 'NONE', ( #842, #508, #1792, #1661, #207, #908, #89, #2287, #872, #1169, #2312 ) ) ;
#439 = FACE_OUTER_BOUND ( 'NONE', #1083, .T. ) ;
#440 = CARTESIAN_POINT ( 'NONE',  ( 310.8318138636669232, 112.3568612975818155, 0.000000000000000000 ) ) ;
#441 = CARTESIAN_POINT ( 'NONE',  ( 320.0000000000000000, 150.0000000000000284, 0.000000000000000000 ) ) ;
#442 = CARTESIAN_POINT ( 'NONE',  ( -210.9703240350002034, 16.66110728174800215, -2.583641320445429275E-14 ) ) ;
#443 = CARTESIAN_POINT ( 'NONE',  ( 275.3219077192453028, 392.9349589842598220, -163.0885455450319910 ) ) ;
#444 = CARTESIAN_POINT ( 'NONE',  ( 272.3269629922012882, 391.3636445578465555, 162.2560588017884129 ) ) ;
#445 = DIRECTION ( 'NONE',  ( 0.000000000000000000, 0.000000000000000000, 1.000000000000000000 ) ) ;
#446 = EDGE_LOOP ( 'NONE', ( #854, #22, #2095, #1805 ) ) ;
#447 = CARTESIAN_POINT ( 'NONE',  ( 0.000000000000000000, 3.000000000000000000, 0.000000000000000000 ) ) ;
#448 = CARTESIAN_POINT ( 'NONE',  ( -275.1123327275962538, 385.8341587474126300, 157.4874241156979622 ) ) ;
#449 = ORIENTED_EDGE ( 'NONE', *, *, #1107, .F. ) ;
#450 = DIRECTION ( 'NONE',  ( 0.000000000000000000, -1.000000000000000000, 0.000000000000000000 ) ) ;
#451 = CARTESIAN_POINT ( 'NONE',  ( -4.269853457395016427, 388.7389976926057784, 316.9712623009602339 ) ) ;
#452 = CARTESIAN_POINT ( 'NONE',  ( -317.0000000000000000, 147.9576209620995826, -3.882130353297109876E-14 ) ) ;
#453 = CARTESIAN_POINT ( 'NONE',  ( 1.448928013252308578, 394.4605369921643501, 319.9968355737974548 ) ) ;
#454 = CARTESIAN_POINT ( 'NONE',  ( -125.0000000000000000, 3.000000000000002665, -2.706469426115650876E-14 ) ) ;
#455 = CARTESIAN_POINT ( 'NONE',  ( 274.3835968114124171, 394.6902479103262067, 158.7536765976009292 ) ) ;
#456 = DIRECTION ( 'NONE',  ( -0.000000000000000000, 1.000000000000000000, -0.000000000000000000 ) ) ;
#457 = FACE_BOUND ( 'NONE', #122, .T. ) ;
#458 = LINE ( 'NONE', #1240, #591 ) ;
#459 = ORIENTED_EDGE ( 'NONE', *, *, #1479, .T. ) ;
#460 = CARTESIAN_POINT ( 'NONE',  ( 275.9931550126368620, 386.2854390705001606, -161.9501104083292660 ) ) ;
#461 = CARTESIAN_POINT ( 'NONE',  ( 2.354939838536756019E-14, 704.2053900641531072, -192.2954308275950837 ) ) ;
#462 = CARTESIAN_POINT ( 'NONE',  ( 271.5106749471391367, 51.71458988864115014, 6.650093580167028614E-14 ) ) ;
#463 = CARTESIAN_POINT ( 'NONE',  ( -2.254178538886884464, 394.0958153984615251, -316.9920797965956467 ) ) ;
#464 = AXIS2_PLACEMENT_3D ( 'NONE', #165, #1116, #1152 ) ;
#466 = CONICAL_SURFACE ( 'NONE', #2225, 197.0508374963454798, 0.4475199751571309337 ) ;
#465 = CARTESIAN_POINT ( 'NONE',  ( 2.413176774092047532E-14, 699.2113762373492136, 197.0508374963454798 ) ) ;
#467 = CARTESIAN_POINT ( 'NONE',  ( -276.1262416417352483, 394.2351179764718268, -161.7231337915255835 ) ) ;
#468 = CARTESIAN_POINT ( 'NONE',  ( -276.7523906999720111, 390.4836310533224832, -154.5869148467938885 ) ) ;
#469 = CARTESIAN_POINT ( 'NONE',  ( 0.000000000000000000, 150.0000000000000284, 0.000000000000000000 ) ) ;
#470 = EDGE_CURVE ( 'NONE', #1285, #2015, #1195, .T. ) ;
#471 = DIRECTION ( 'NONE',  ( -0.000000000000000000, -1.000000000000000000, -0.000000000000000000 ) ) ;
#472 = EDGE_LOOP ( 'NONE', ( #1227, #233, #1994, #15 ) ) ;
#473 = CARTESIAN_POINT ( 'NONE',  ( 278.8978316539818252, 387.4396369810256147, -156.8949538421304339 ) ) ;
#474 = CARTESIAN_POINT ( 'NONE',  ( -4.500000000000007994, 390.1899999999999977, -319.9683578105810398 ) ) ;
#475 = CARTESIAN_POINT ( 'NONE',  ( -249.2575460202308761, 35.08542727601752631, -3.052524558969998316E-14 ) ) ;
#476 = CARTESIAN_POINT ( 'NONE',  ( 2.257052670468096434, 394.0940589394391509, 319.9921329204996709 ) ) ;
#477 = EDGE_CURVE ( 'NONE', #534, #1073, #858, .T. ) ;
#478 = CARTESIAN_POINT ( 'NONE',  ( -275.1561695641600522, 387.9304312338625209, -163.3680182691709319 ) ) ;
#479 = EDGE_CURVE ( 'NONE', #787, #1507, #1337, .T. ) ;
#480 = CARTESIAN_POINT ( 'NONE',  ( 276.4626814237477106, 392.4425692637141765, 155.1045223858111228 ) ) ;
#481 = CARTESIAN_POINT ( 'NONE',  ( 2.975413779193820663, 386.8013328079086932, 319.9862340295305785 ) ) ;
#482 = VERTEX_POINT ( 'NONE', #1776 ) ;
#483 = PLANE ( 'NONE',  #1068 ) ;
#484 = CARTESIAN_POINT ( 'NONE',  ( -3.391792649403655879, 393.1621952557852069, -319.9820930202789100 ) ) ;
#485 = ORIENTED_EDGE ( 'NONE', *, *, #1218, .T. ) ;
#486 = CARTESIAN_POINT ( 'NONE',  ( -2.741783799018398859, 386.6096586437676592, 319.9883471138458617 ) ) ;
#487 = CARTESIAN_POINT ( 'NONE',  ( -1.451079006951375039, 385.9201942557975258, -319.9968257692746647 ) ) ;
#488 = CARTESIAN_POINT ( 'NONE',  ( -90.93266739736586146, -8.817456953860914693E-16, 52.50000000000041922 ) ) ;
#489 = CYLINDRICAL_SURFACE ( 'NONE', #818, 5.499999999999991118 ) ;
#490 = CARTESIAN_POINT ( 'NONE',  ( 274.8507262711536896, 390.1899999999999977, 163.8812932223179359 ) ) ;
#491 = EDGE_CURVE ( 'NONE', #2406, #1729, #348, .T. ) ;
#492 = CARTESIAN_POINT ( 'NONE',  ( -279.2385180731967580, 388.7401068985097368, -156.2877557024728503 ) ) ;
#493 = CARTESIAN_POINT ( 'NONE',  ( 0.2968998358169329665, 385.6899999999999409, 319.9999999999999432 ) ) ;
#494 = EDGE_LOOP ( 'NONE', ( #1571, #1894, #1687, #2236 ) ) ;
#495 = CARTESIAN_POINT ( 'NONE',  ( 274.3824988009698700, 385.6901043399970490, 158.7555684066795152 ) ) ;
#496 = CARTESIAN_POINT ( 'NONE',  ( 0.000000000000000000, 704.2053900641531072, 0.000000000000000000 ) ) ;
#497 = EDGE_LOOP ( 'NONE', ( #1352, #1609, #660, #1253 ) ) ;
#498 = CARTESIAN_POINT ( 'NONE',  ( 274.8507262711502790, 389.8963689774350314, -163.8812932223236487 ) ) ;
#499 = DIRECTION ( 'NONE',  ( 0.000000000000000000, 0.000000000000000000, 1.000000000000000000 ) ) ;
#500 = CARTESIAN_POINT ( 'NONE',  ( -316.8828954391833577, 143.8969930750951960, 633.7657908783666016 ) ) ;
#501 = CARTESIAN_POINT ( 'NONE',  ( 274.9682179970532161, 391.6391267771761591, -163.6841221686659935 ) ) ;
#502 = CARTESIAN_POINT ( 'NONE',  ( -4.471506513153548745, 390.7757675938471493, -316.9684667991792253 ) ) ;
#503 = EDGE_CURVE ( 'NONE', #1568, #815, #1106, .T. ) ;
#504 = CARTESIAN_POINT ( 'NONE',  ( -279.0609529076787112, 387.9374311744277861, -156.6046348188786226 ) ) ;
#505 = DIRECTION ( 'NONE',  ( 0.000000000000000000, 0.000000000000000000, 1.000000000000000000 ) ) ;
#506 = VECTOR ( 'NONE', #1228, 1000.000000000000000 ) ;
#507 = DIRECTION ( 'NONE',  ( 0.000000000000000000, 0.000000000000000000, -1.000000000000000000 ) ) ;
#508 = ORIENTED_EDGE ( 'NONE', *, *, #1207, .T. ) ;
#509 = CIRCLE ( 'NONE', #2187, 5.499999999999991118 ) ;
#510 = ADVANCED_FACE ( 'NONE', ( #59 ), #1394, .F. ) ;
#511 = CARTESIAN_POINT ( 'NONE',  ( 273.3955950682303637, 386.2846573819334139, 160.4490857449178804 ) ) ;
#512 = ADVANCED_FACE ( 'NONE', ( #996, #2362, #1801 ), #1965, .F. ) ;
#513 = AXIS2_PLACEMENT_3D ( 'NONE', #2215, #91, #499 ) ;
#514 = CARTESIAN_POINT ( 'NONE',  ( -274.2361391551078214, 385.7186464254741054, -159.0082524736300797 ) ) ;
#515 = ORIENTED_EDGE ( 'NONE', *, *, #1214, .F. ) ;
#516 = EDGE_CURVE ( 'NONE', #296, #170, #863, .T. ) ;
#517 = CARTESIAN_POINT ( 'NONE',  ( -90.93266739736617410, -8.817456953860914693E-16, -46.99999999999980105 ) ) ;
#518 = CARTESIAN_POINT ( 'NONE',  ( -174.8739957108788872, 7.128835295609105671, -2.141588791014358114E-14 ) ) ;
#519 = CARTESIAN_POINT ( 'NONE',  ( 276.1265692276254526, 394.2355599520954570, -161.7225772177027068 ) ) ;
#520 = CARTESIAN_POINT ( 'NONE',  ( -279.3507262711525527, 390.1899999999999977, -156.0870645882598922 ) ) ;
#521 = FACE_OUTER_BOUND ( 'NONE', #494, .T. ) ;
#522 = ORIENTED_EDGE ( 'NONE', *, *, #1193, .F. ) ;
#523 = CARTESIAN_POINT ( 'NONE',  ( 276.5300288060302023, 388.1954425027980164, 154.9843731708943153 ) ) ;
#524 = CARTESIAN_POINT ( 'NONE',  ( -276.3015375112560719, 387.4450409166618101, -155.3913991414570148 ) ) ;
#525 = ORIENTED_EDGE ( 'NONE', *, *, #554, .F. ) ;
#526 = DIRECTION ( 'NONE',  ( 0.000000000000000000, 0.000000000000000000, 1.000000000000000000 ) ) ;
#527 = DIRECTION ( 'NONE',  ( 0.000000000000000000, -1.000000000000000000, 0.000000000000000000 ) ) ;
#528 = EDGE_LOOP ( 'NONE', ( #1134, #2117, #449, #537, #1699, #1802 ) ) ;
#529 = CARTESIAN_POINT ( 'NONE',  ( -2.973128755848168936, 393.5806841571380801, 319.9862554191404342 ) ) ;
#530 = CARTESIAN_POINT ( 'NONE',  ( 192.0265652266533891, 10.78574458508401612, 0.000000000000000000 ) ) ;
#531 = DIRECTION ( 'NONE',  ( -0.5000000000000057732, 0.000000000000000000, -0.8660254037844353769 ) ) ;
#532 = EDGE_LOOP ( 'NONE', ( #1827, #769, #1689, #1089 ) ) ;
#533 = CARTESIAN_POINT ( 'NONE',  ( 0.000000000000000000, 150.0000000000000284, 320.0000000000000000 ) ) ;
#534 = VERTEX_POINT ( 'NONE', #1355 ) ;
#535 = DIRECTION ( 'NONE',  ( 0.000000000000000000, 0.000000000000000000, -1.000000000000000000 ) ) ;
#536 = CARTESIAN_POINT ( 'NONE',  ( -160.3217237896145946, 5.021197216058748580, 320.6434475792290755 ) ) ;
#537 = ORIENTED_EDGE ( 'NONE', *, *, #1847, .F. ) ;
#538 = CARTESIAN_POINT ( 'NONE',  ( 0.000000000000000000, 276.6677123335954320, 0.000000000000000000 ) ) ;
#539 = FACE_BOUND ( 'NONE', #1598, .T. ) ;
#540 = CARTESIAN_POINT ( 'NONE',  ( 310.8318138636669232, 112.3568612975818155, 0.000000000000000000 ) ) ;
#541 = CARTESIAN_POINT ( 'NONE',  ( -0.2934494770553904286, 385.6900000000000546, -317.0000000000000568 ) ) ;
#542 = LINE ( 'NONE', #1307, #2109 ) ;
#543 = ORIENTED_EDGE ( 'NONE', *, *, #1730, .F. ) ;
#544 = CARTESIAN_POINT ( 'NONE',  ( 7.338846368965890605E-13, -8.817456953860914693E-16, 110.4999999999999858 ) ) ;
#545 =( GEOMETRIC_REPRESENTATION_CONTEXT ( 3 ) GLOBAL_UNCERTAINTY_ASSIGNED_CONTEXT ( ( #1540 ) ) GLOBAL_UNIT_ASSIGNED_CONTEXT ( ( #48, #429, #1761 ) ) REPRESENTATION_CONTEXT ( 'NONE', 'WORKASPACE' ) );
#546 = CONICAL_SURFACE ( 'NONE', #2347, 320.0000000000000000, 0.4475199751571700690 ) ;
#547 = VERTEX_POINT ( 'NONE', #2173 ) ;
#548 = CARTESIAN_POINT ( 'NONE',  ( 1.449551894310140199, 394.4603525308538678, -316.9968030651179447 ) ) ;
#549 = CARTESIAN_POINT ( 'NONE',  ( 0.000000000000000000, 3.000000000000002665, 0.000000000000000000 ) ) ;
#550 = ORIENTED_EDGE ( 'NONE', *, *, #40, .T. ) ;
#551 = CYLINDRICAL_SURFACE ( 'NONE', #147, 320.0000000000000000 ) ;
#552 = CARTESIAN_POINT ( 'NONE',  ( 278.4899310180995826, 393.7687521983996817, 157.6179488024172883 ) ) ;
#553 = CARTESIAN_POINT ( 'NONE',  ( 249.2575460202308761, 35.08542727601752631, -498.5150920404615817 ) ) ;
#554 = EDGE_CURVE ( 'NONE', #1904, #2274, #2335, .T. ) ;
#555 = EDGE_CURVE ( 'NONE', #269, #2065, #31, .T. ) ;
#556 = CARTESIAN_POINT ( 'NONE',  ( 0.000000000000000000, -8.817456953860914693E-16, -110.4999999999999858 ) ) ;
#557 = ORIENTED_EDGE ( 'NONE', *, *, #2221, .T. ) ;
#558 = DIRECTION ( 'NONE',  ( -0.000000000000000000, -1.000000000000000000, -0.000000000000000000 ) ) ;
#559 = ORIENTED_EDGE ( 'NONE', *, *, #33, .F. ) ;
#560 = CARTESIAN_POINT ( 'NONE',  ( 278.4908612207125884, 386.6126078102876704, 157.6163065537486716 ) ) ;
#561 = CARTESIAN_POINT ( 'NONE',  ( 192.0265652266533323, 10.78574458508401612, 384.0531304533067214 ) ) ;
#562 = ORIENTED_EDGE ( 'NONE', *, *, #2436, .T. ) ;
#563 = CARTESIAN_POINT ( 'NONE',  ( 317.0000000000000000, 150.0000000000000284, 0.000000000000000000 ) ) ;
#564 = CARTESIAN_POINT ( 'NONE',  ( 274.9684945763214046, 391.6406806441650588, 163.6836575611292233 ) ) ;
#565 = CARTESIAN_POINT ( 'NONE',  ( -292.0422696846606527, 74.70096701306968612, -584.0845393693213055 ) ) ;
#566 = ADVANCED_FACE ( 'NONE', ( #1368 ), #466, .F. ) ;
#567 = CARTESIAN_POINT ( 'NONE',  ( 303.1088913245515073, 390.1899999999999977, -175.0000000000035243 ) ) ;
#568 = CARTESIAN_POINT ( 'NONE',  ( -272.5563563979422383, 387.9358221490450660, -161.8705015191365533 ) ) ;
#569 = DIRECTION ( 'NONE',  ( -0.000000000000000000, -1.000000000000000000, -0.000000000000000000 ) ) ;
#570 = CARTESIAN_POINT ( 'NONE',  ( -279.3507262711515864, 389.8927377382709096, 156.0870645882618817 ) ) ;
#571 = ORIENTED_EDGE ( 'NONE', *, *, #953, .T. ) ;
#572 = CARTESIAN_POINT ( 'NONE',  ( 279.3507262711503358, 390.1899999999999977, -156.0870645882637575 ) ) ;
#573 = CARTESIAN_POINT ( 'NONE',  ( 0.2969000434364029717, 394.6899999999999977, 317.0000000000000000 ) ) ;
#574 = ORIENTED_EDGE ( 'NONE', *, *, #1934, .F. ) ;
#575 = CARTESIAN_POINT ( 'NONE',  ( 4.356429818147842248, 391.3551333924810365, -319.9703498614738351 ) ) ;
#576 = DIRECTION ( 'NONE',  ( -0.000000000000000000, -1.000000000000000000, -0.000000000000000000 ) ) ;
#577 = EDGE_CURVE ( 'NONE', #1531, #1920, #1764, .T. ) ;
#578 = B_SPLINE_CURVE_WITH_KNOTS ( 'NONE', 3,
 ( #1279, #2033, #314, #2241, #898, #1300, #1679, #1865, #150, #2444, #2262, #205, #41, #52, #784, #599, #218, #4, #773, #1754, #797, #371, #14, #397, #1547, #2313, #1766, #1135, #1170, #25, #2137, #585, #2125, #1902 ),
 .UNSPECIFIED., .F., .F.,
 ( 4, 2, 2, 2, 2, 2, 2, 2, 2, 2, 2, 2, 2, 2, 2, 2, 4 ),
 ( 0.000000000000000000, 0.0008793269279609407718, 0.001758653855921881544, 0.002637980783882822207, 0.003517307711843763087, 0.004396634639804703967, 0.005275961567765644414, 0.006155288495726585728, 0.007034615423687526174, 0.007913942351648467488, 0.008793269279609407935, 0.009672596207570348381, 0.01055192313553128883, 0.01143125006349222927, 0.01231057699145317146, 0.01318990391941411190, 0.01406923084737505235 ),
 .UNSPECIFIED. ) ;
#579 = CARTESIAN_POINT ( 'NONE',  ( 90.93266739736543514, 3.000000000000000000, -58.00000000000105160 ) ) ;
#580 = CARTESIAN_POINT ( 'NONE',  ( -272.7230095177632165, 387.4466256732782767, -161.5895626411337958 ) ) ;
#581 = CARTESIAN_POINT ( 'NONE',  ( 275.8898996183201575, 393.7716869984235473, -156.1211806777129709 ) ) ;
#582 = DIRECTION ( 'NONE',  ( -0.000000000000000000, 1.000000000000000000, -0.000000000000000000 ) ) ;
#583 = VECTOR ( 'NONE', #1769, 1000.000000000000000 ) ;
#584 = EDGE_CURVE ( 'NONE', #24, #44, #2240, .T. ) ;
#585 = CARTESIAN_POINT ( 'NONE',  ( -274.8658025957265068, 390.7819645760210392, 163.8560156696516401 ) ) ;
#586 = CIRCLE ( 'NONE', #148, 202.2954308275951121 ) ;
#587 = CARTESIAN_POINT ( 'NONE',  ( -2.794460870654912219E-23, 394.6899999999999977, 317.0000000000000000 ) ) ;
#588 = ORIENTED_EDGE ( 'NONE', *, *, #913, .T. ) ;
#589 = DIRECTION ( 'NONE',  ( 0.000000000000000000, 0.000000000000000000, -1.000000000000000000 ) ) ;
#590 = CARTESIAN_POINT ( 'NONE',  ( 278.8082762531925027, 393.1627623350315730, 157.0540965302946574 ) ) ;
#591 = VECTOR ( 'NONE', #2200, 1000.000000000000114 ) ;
#592 = CARTESIAN_POINT ( 'NONE',  ( -124.9999999999999858, 0.000000000000000000, -249.9999999999999716 ) ) ;
#593 = CARTESIAN_POINT ( 'NONE',  ( 275.6507818032014256, 386.2846573819334139, -156.5429877393927427 ) ) ;
#594 = CARTESIAN_POINT ( 'NONE',  ( -258.3333333333334281, 0.000000000000000000, 516.6666666666666288 ) ) ;
#595 = VERTEX_POINT ( 'NONE', #217 ) ;
#596 = CARTESIAN_POINT ( 'NONE',  ( -90.93266739736586146, -8.817456953860914693E-16, 47.00000000000043343 ) ) ;
#597 = CARTESIAN_POINT ( 'NONE',  ( 0.000000000000000000, 276.6677123335954320, 317.0000000000000000 ) ) ;
#598 = ORIENTED_EDGE ( 'NONE', *, *, #2361, .F. ) ;
#599 = CARTESIAN_POINT ( 'NONE',  ( -277.4213351084217720, 394.6613535911811823, 159.4913389499778589 ) ) ;
#600 = EDGE_CURVE ( 'NONE', #1285, #312, #1751, .T. ) ;
#601 = CARTESIAN_POINT ( 'NONE',  ( -90.93266739736586146, -8.817456953860914693E-16, 52.50000000000041922 ) ) ;
#602 = EDGE_LOOP ( 'NONE', ( #683, #894, #736, #1315 ) ) ;
#603 = LINE ( 'NONE', #45, #583 ) ;
#604 = CARTESIAN_POINT ( 'NONE',  ( 210.9703240350002034, 16.66110728174800215, 0.000000000000000000 ) ) ;
#605 = CARTESIAN_POINT ( 'NONE',  ( -139.1954009879374041, 3.279040902431347604, -278.3908019758748082 ) ) ;
#606 = CARTESIAN_POINT ( 'NONE',  ( 276.7523906999700216, 390.1899999999999977, -154.5869148467978107 ) ) ;
#607 = DIRECTION ( 'NONE',  ( 0.000000000000000000, -1.000000000000000000, 0.000000000000000000 ) ) ;
#608 = CARTESIAN_POINT ( 'NONE',  ( -274.8653080903011983, 389.6045426758624330, 163.8568451936582164 ) ) ;
#609 = DIRECTION ( 'NONE',  ( -0.000000000000000000, 1.000000000000000000, -0.000000000000000000 ) ) ;
#610 = CARTESIAN_POINT ( 'NONE',  ( 275.7480300464260381, 386.6083128463777712, 162.3671262695790176 ) ) ;
#611 = CARTESIAN_POINT ( 'NONE',  ( 4.471506513153549633, 390.7757675938472062, 316.9684667991793390 ) ) ;
#612 = ORIENTED_EDGE ( 'NONE', *, *, #1546, .T. ) ;
#613 = CARTESIAN_POINT ( 'NONE',  ( -4.500000000000007994, 390.4871043774712120, 316.9680583276492598 ) ) ;
#614 = CARTESIAN_POINT ( 'NONE',  ( 314.4035070647304906, 125.0926478796915688, 0.000000000000000000 ) ) ;
#615 = FACE_OUTER_BOUND ( 'NONE', #1010, .T. ) ;
#616 = EDGE_CURVE ( 'NONE', #1263, #869, #1066, .T. ) ;
#617 = CARTESIAN_POINT ( 'NONE',  ( 275.1090895405122296, 394.5473773031233122, -157.4930840020695371 ) ) ;
#618 = CARTESIAN_POINT ( 'NONE',  ( -277.7100014878806746, 394.5459400225852846, -158.9881704947419223 ) ) ;
#619 = CARTESIAN_POINT ( 'NONE',  ( 320.0000000000000000, 83.33333333333335702, 0.000000000000000000 ) ) ;
#620 = ORIENTED_EDGE ( 'NONE', *, *, #1747, .T. ) ;
#621 = CARTESIAN_POINT ( 'NONE',  ( -275.2506481795822424, 394.4613303756572691, 157.2455250885030864 ) ) ;
#622 = CARTESIAN_POINT ( 'NONE',  ( 4.356356580263970990, 391.3560409584430886, 316.9700703108497919 ) ) ;
#623 = ORIENTED_EDGE ( 'NONE', *, *, #1737, .T. ) ;
#624 = FACE_OUTER_BOUND ( 'NONE', #1912, .T. ) ;
#625 = AXIS2_PLACEMENT_3D ( 'NONE', #1032, #1595, #633 ) ;
#626 = CARTESIAN_POINT ( 'NONE',  ( 320.0000000000000000, 83.33333333333335702, -639.9999999999998863 ) ) ;
#627 = AXIS2_PLACEMENT_3D ( 'NONE', #1896, #936, #2423 ) ;
#628 = TOROIDAL_SURFACE ( 'NONE', #513, 197.2954308275950837, 5.000000000000016875 ) ;
#629 = CARTESIAN_POINT ( 'NONE',  ( -148.9930312403102732, 3.868073794247531172, -1.824638388037075731E-14 ) ) ;
#630 = DIRECTION ( 'NONE',  ( -0.8660254037844432595, 0.000000000000000000, -0.4999999999999919509 ) ) ;
#631 = CARTESIAN_POINT ( 'NONE',  ( 0.000000000000000000, 3.000000000000000000, -110.4999999999999858 ) ) ;
#632 = EDGE_CURVE ( 'NONE', #1958, #857, #1908, .T. ) ;
#633 = DIRECTION ( 'NONE',  ( 0.000000000000000000, 0.000000000000000000, -1.000000000000000000 ) ) ;
#634 = ORIENTED_EDGE ( 'NONE', *, *, #1934, .T. ) ;
#635 = CARTESIAN_POINT ( 'NONE',  ( -276.7523906999713290, 390.4872623356778263, 154.5869148467959349 ) ) ;
#636 = CARTESIAN_POINT ( 'NONE',  ( -274.3840967280036125, 385.6898962256030359, 158.7528066244806269 ) ) ;
#637 = ORIENTED_EDGE ( 'NONE', *, *, #187, .T. ) ;
#638 = CARTESIAN_POINT ( 'NONE',  ( -3.903397644739360572, 392.4484639971362299, 316.9760093089902284 ) ) ;
#639 = CARTESIAN_POINT ( 'NONE',  ( -0.5891609822784338313, 385.7190964576751071, -319.9995870461478376 ) ) ;
#640 = CARTESIAN_POINT ( 'NONE',  ( 316.8828954391831871, 143.8969930750951960, 633.7657908783667153 ) ) ;
#641 = CARTESIAN_POINT ( 'NONE',  ( -4.045511135268570868, 392.1824379269186807, -316.9742046663319570 ) ) ;
#642 = CARTESIAN_POINT ( 'NONE',  ( -139.1954009879374325, 3.279040902431347160, -1.704652022759098989E-14 ) ) ;
#643 = CARTESIAN_POINT ( 'NONE',  ( 275.8926892154904635, 393.7673921974385394, 156.1162512762658992 ) ) ;
#644 = DIRECTION ( 'NONE',  ( -0.8660254037844328234, 0.000000000000000000, 0.5000000000000101030 ) ) ;
#645 = DIRECTION ( 'NONE',  ( 0.000000000000000000, 0.000000000000000000, 1.000000000000000000 ) ) ;
#646 = CARTESIAN_POINT ( 'NONE',  ( -276.7523906999712153, 390.1899999999999977, 154.5869148467959349 ) ) ;
#647 = ORIENTED_EDGE ( 'NONE', *, *, #477, .T. ) ;
#648 = DIRECTION ( 'NONE',  ( 1.000000000000000000, 0.000000000000000000, 1.224646799147353207E-16 ) ) ;
#649 = CARTESIAN_POINT ( 'NONE',  ( 305.3588913245550884, 390.1899999999999977, 171.1028856829671838 ) ) ;
#650 = CARTESIAN_POINT ( 'NONE',  ( 292.0422696846605959, 74.70096701306968612, 584.0845393693215328 ) ) ;
#651 = CARTESIAN_POINT ( 'NONE',  ( -0.5891612849489610282, 394.6609035024792433, -316.9995831375152306 ) ) ;
#652 = CARTESIAN_POINT ( 'NONE',  ( -276.9816731589262417, 385.6897520822676029, -160.2536762959865939 ) ) ;
#653 = ADVANCED_FACE ( 'NONE', ( #1377 ), #73, .F. ) ;
#654 = CARTESIAN_POINT ( 'NONE',  ( 276.3014842222053176, 392.9354415330159327, 155.3914955882259790 ) ) ;
#655 = CARTESIAN_POINT ( 'NONE',  ( -276.0064741949386189, 393.5773156530005394, -155.9149421156862729 ) ) ;
#656 = VERTEX_POINT ( 'NONE', #1859 ) ;
#657 = FACE_OUTER_BOUND ( 'NONE', #1837, .T. ) ;
#658 = CARTESIAN_POINT ( 'NONE',  ( -0.5914937912371134310, 394.6606459164266312, -319.9995833843481705 ) ) ;
#659 = EDGE_CURVE ( 'NONE', #656, #905, #1554, .T. ) ;
#660 = ORIENTED_EDGE ( 'NONE', *, *, #1814, .T. ) ;
#661 = CARTESIAN_POINT ( 'NONE',  ( 276.8314875105938881, 385.7195549726227455, -160.5129597128109538 ) ) ;
#662 = CARTESIAN_POINT ( 'NONE',  ( 90.93266739736543514, 0.000000000000000000, -47.00000000000106581 ) ) ;
#663 = CIRCLE ( 'NONE', #2385, 5.000000000000004441 ) ;
#664 = CARTESIAN_POINT ( 'NONE',  ( 0.000000000000000000, 449.3172876880689728, 317.0000000000000000 ) ) ;
#665 = DIRECTION ( 'NONE',  ( 0.000000000000000000, 0.000000000000000000, -1.000000000000000000 ) ) ;
#666 = AXIS2_PLACEMENT_3D ( 'NONE', #2453, #177, #2257 ) ;
#668 = LINE ( 'NONE', #465, #2269 ) ;
#667 = AXIS2_PLACEMENT_3D ( 'NONE', #201, #968, #178 ) ;
#669 =( BOUNDED_SURFACE ( )  B_SPLINE_SURFACE ( 3, 3, ( 
 ( #1852, #135, #335, #21 ),
 ( #1539, #594, #2429, #2029 ),
 ( #311, #1096, #1072, #712 ),
 ( #692, #1427, #287, #1065 ) ),
 .UNSPECIFIED., .F., .F., .T. ) 
 B_SPLINE_SURFACE_WITH_KNOTS ( ( 4, 4 ),
 ( 4, 4 ),
 ( 0.000000000000000000, 1.000000000000000000 ),
 ( 0.000000000000000000, 1.000000000000000000 ),
 .UNSPECIFIED. ) 
 GEOMETRIC_REPRESENTATION_ITEM ( )  RATIONAL_B_SPLINE_SURFACE ( (
 ( 1.000000000000000000, 0.3333333333333334259, 0.3333333333333334259, 1.000000000000000000),
 ( 1.000000000000000000, 0.3333333333333334259, 0.3333333333333334259, 1.000000000000000000),
 ( 1.000000000000000000, 0.3333333333333334259, 0.3333333333333334259, 1.000000000000000000),
 ( 1.000000000000000000, 0.3333333333333334259, 0.3333333333333334259, 1.000000000000000000) ) ) 
 REPRESENTATION_ITEM ( '' )  SURFACE ( )  );
#670 = CARTESIAN_POINT ( 'NONE',  ( -276.8342187684858686, 394.6613535911811823, -160.5082542807007826 ) ) ;
#671 = CARTESIAN_POINT ( 'NONE',  ( 4.500000000000009770, 389.8962129439063347, 319.9683578105810966 ) ) ;
#672 = DIRECTION ( 'NONE',  ( -0.000000000000000000, -1.000000000000000000, -0.000000000000000000 ) ) ;
#673 = CARTESIAN_POINT ( 'NONE',  ( -2.257052670468039590, 394.0940589394391509, -319.9921329204996709 ) ) ;
#674 = ORIENTED_EDGE ( 'NONE', *, *, #1440, .F. ) ;
#675 = ADVANCED_FACE ( 'NONE', ( #521 ), #2052, .F. ) ;
#676 = CARTESIAN_POINT ( 'NONE',  ( 274.8507262711502790, 390.1899999999999977, -163.8812932223236771 ) ) ;
#677 = CARTESIAN_POINT ( 'NONE',  ( 300.8588913245551453, 390.1899999999999977, 178.8971143170271887 ) ) ;
#678 = FACE_OUTER_BOUND ( 'NONE', #997, .T. ) ;
#679 = CARTESIAN_POINT ( 'NONE',  ( 0.2934494014079447877, 394.6899999999999409, 320.0000000000000568 ) ) ;
#680 = CARTESIAN_POINT ( 'NONE',  ( -279.3368445668323261, 389.6045426758624330, -156.1119168284086811 ) ) ;
#681 = CARTESIAN_POINT ( 'NONE',  ( 90.93266739736654358, -8.817456953860914693E-16, 57.99999999999913314 ) ) ;
#682 = CARTESIAN_POINT ( 'NONE',  ( 4.356356666246706588, 389.0239593962085110, 319.9703509266121841 ) ) ;
#683 = ORIENTED_EDGE ( 'NONE', *, *, #516, .F. ) ;
#684 = DIRECTION ( 'NONE',  ( 0.000000000000000000, 0.000000000000000000, -1.000000000000000000 ) ) ;
#685 = CARTESIAN_POINT ( 'NONE',  ( -274.8232556310869654, 385.7186464254741054, 157.9913369072733644 ) ) ;
#686 = ORIENTED_EDGE ( 'NONE', *, *, #1273, .T. ) ;
#687 = CARTESIAN_POINT ( 'NONE',  ( 277.4210430715264692, 385.7187727982867500, -159.4918415385254775 ) ) ;
#688 = EDGE_CURVE ( 'NONE', #960, #2292, #1813, .T. ) ;
#689 = CARTESIAN_POINT ( 'NONE',  ( -4.500000000000008882, 389.8962129439063347, -319.9683578105810966 ) ) ;
#690 = CARTESIAN_POINT ( 'NONE',  ( 316.9999999999998295, 150.0000000000000284, 634.0000000000000000 ) ) ;
#691 = DIRECTION ( 'NONE',  ( -1.000000000000000000, 0.000000000000000000, 0.000000000000000000 ) ) ;
#692 = CARTESIAN_POINT ( 'NONE',  ( -320.0000000000000000, 150.0000000000000284, -3.918869757271530421E-14 ) ) ;
#693 = DIRECTION ( 'NONE',  ( 0.000000000000000000, 0.000000000000000000, -1.000000000000000000 ) ) ;
#694 = CARTESIAN_POINT ( 'NONE',  ( -3.904044088840521898, 387.9329327974653552, -316.9760006302700504 ) ) ;
#695 = EDGE_CURVE ( 'NONE', #1958, #1055, #96, .T. ) ;
#696 = CARTESIAN_POINT ( 'NONE',  ( -272.2523906999722385, 390.1899999999999977, -162.3811434808539502 ) ) ;
#697 = ORIENTED_EDGE ( 'NONE', *, *, #2145, .T. ) ;
#698 = CARTESIAN_POINT ( 'NONE',  ( 272.3701850590896356, 388.7393190845423874, 162.1835227545585951 ) ) ;
#699 = CARTESIAN_POINT ( 'NONE',  ( -272.2523906999722385, 389.8926705139306819, -162.3811434808538934 ) ) ;
#700 = EDGE_LOOP ( 'NONE', ( #1867, #2253, #221, #1224 ) ) ;
#701 = DIRECTION ( 'NONE',  ( -0.000000000000000000, 1.000000000000000000, -0.000000000000000000 ) ) ;
#702 = CARTESIAN_POINT ( 'NONE',  ( -9.356442538554854720E-23, 385.6899999999999977, 317.0000000000000000 ) ) ;
#703 = CARTESIAN_POINT ( 'NONE',  ( 278.4915905090605293, 393.7663876729027379, -157.6150200163728528 ) ) ;
#704 = CYLINDRICAL_SURFACE ( 'NONE', #789, 5.499999999999991118 ) ;
#705 = CARTESIAN_POINT ( 'NONE',  ( -2.744553101294040953, 386.6118173325173188, -316.9882124718288310 ) ) ;
#706 = VECTOR ( 'NONE', #893, 1000.000000000000000 ) ;
#707 = CARTESIAN_POINT ( 'NONE',  ( -272.2673372396043305, 390.7814387413943109, -162.3560915484873703 ) ) ;
#708 = EDGE_LOOP ( 'NONE', ( #2004, #2350, #550, #574 ) ) ;
#709 = AXIS2_PLACEMENT_3D ( 'NONE', #496, #1047, #99 ) ;
#710 = CARTESIAN_POINT ( 'NONE',  ( 90.93266739736654358, 0.000000000000000000, 52.49999999999914735 ) ) ;
#711 = TOROIDAL_SURFACE ( 'NONE', #268, 197.2954308275950837, 5.000000000000016875 ) ;
#712 = CARTESIAN_POINT ( 'NONE',  ( 320.0000000000000000, 83.33333333333335702, 7.837739514543060841E-14 ) ) ;
#713 = ORIENTED_EDGE ( 'NONE', *, *, #1733, .F. ) ;
#714 = CARTESIAN_POINT ( 'NONE',  ( 0.000000000000000000, 704.2053900641531072, 0.000000000000000000 ) ) ;
#715 = AXIS2_PLACEMENT_3D ( 'NONE', #1594, #1800, #804 ) ;
#716 = CARTESIAN_POINT ( 'NONE',  ( 4.355620734142558348, 389.0216870413757988, 316.9700804063606938 ) ) ;
#717 = CARTESIAN_POINT ( 'NONE',  ( 277.2756808111685132, 394.6898956609595075, -159.7444301972701055 ) ) ;
#718 = CARTESIAN_POINT ( 'NONE',  ( 275.1546275848454002, 392.4441776428203070, 163.3706142289817649 ) ) ;
#719 = CARTESIAN_POINT ( 'NONE',  ( 316.1768662589611836, 135.6029410036696561, -632.3537325179223672 ) ) ;
#720 = APPLICATION_PROTOCOL_DEFINITION ( 'draft international standard', 'automotive_design', 1998, #2451 ) ;
#721 = FACE_OUTER_BOUND ( 'NONE', #438, .T. ) ;
#722 = VERTEX_POINT ( 'NONE', #2402 ) ;
#723 = CARTESIAN_POINT ( 'NONE',  ( 276.2100533733815837, 387.2172377992587258, 155.5540117122864672 ) ) ;
#724 = ORIENTED_EDGE ( 'NONE', *, *, #2424, .F. ) ;
#725 = CARTESIAN_POINT ( 'NONE',  ( -0.5856642726339368332, 385.7184524262743253, 316.9995921320140724 ) ) ;
#726 = DIRECTION ( 'NONE',  ( 0.5000000000000057732, 0.000000000000000000, 0.8660254037844353769 ) ) ;
#727 = ORIENTED_EDGE ( 'NONE', *, *, #2000, .T. ) ;
#728 = CARTESIAN_POINT ( 'NONE',  ( 3.905526831665231402, 392.4446398459719489, -319.9762078005166472 ) ) ;
#729 = CARTESIAN_POINT ( 'NONE',  ( 276.9805750694898165, 394.6898956609595075, 160.2555683354628968 ) ) ;
#730 = CARTESIAN_POINT ( 'NONE',  ( 192.0265652266534175, 10.78574458508401612, -384.0531304533067214 ) ) ;
#731 = CARTESIAN_POINT ( 'NONE',  ( 4.500000000000007994, 390.1899999999999977, 319.9683578105810398 ) ) ;
#732 = CARTESIAN_POINT ( 'NONE',  ( -4.500000000000007994, 390.1899999999999977, 350.0000000000000000 ) ) ;
#733 = EDGE_CURVE ( 'NONE', #2454, #787, #1640, .T. ) ;
#734 = EDGE_LOOP ( 'NONE', ( #1123, #2419 ) ) ;
#735 = CARTESIAN_POINT ( 'NONE',  ( 0.000000000000000000, 150.0000000000000284, 0.000000000000000000 ) ) ;
#736 = ORIENTED_EDGE ( 'NONE', *, *, #137, .T. ) ;
#737 = EDGE_CURVE ( 'NONE', #1347, #1678, #1379, .T. ) ;
#738 = CARTESIAN_POINT ( 'NONE',  ( 2.744553101294049391, 386.6118173325172620, 316.9882124718288310 ) ) ;
#739 = FACE_OUTER_BOUND ( 'NONE', #2440, .T. ) ;
#740 = CARTESIAN_POINT ( 'NONE',  ( 278.2493874613096523, 394.0945966113253007, 158.0422027198853243 ) ) ;
#741 = EDGE_CURVE ( 'NONE', #1263, #1726, #982, .T. ) ;
#742 = CARTESIAN_POINT ( 'NONE',  ( 271.5106749471391367, 51.71458988864115014, 0.000000000000000000 ) ) ;
#743 = CARTESIAN_POINT ( 'NONE',  ( 0.000000000000000000, 276.6677123335954320, 0.000000000000000000 ) ) ;
#744 = ORIENTED_EDGE ( 'NONE', *, *, #2399, .F. ) ;
#745 = CARTESIAN_POINT ( 'NONE',  ( -275.9931550126379989, 386.2854390705001606, 161.9501104083273617 ) ) ;
#746 = AXIS2_PLACEMENT_3D ( 'NONE', #2242, #527, #338 ) ;
#747 = VERTEX_POINT ( 'NONE', #579 ) ;
#748 = CARTESIAN_POINT ( 'NONE',  ( 4.268339408360560583, 391.6450175592256073, -316.9712824471663453 ) ) ;
#749 = AXIS2_PLACEMENT_3D ( 'NONE', #2129, #223, #2141 ) ;
#751 = ADVANCED_FACE ( 'NONE', ( #1338 ), #1496, .F. ) ;
#750 = CARTESIAN_POINT ( 'NONE',  ( -131.1640497075167957, 3.040308620855203259, -1.606296336375147812E-14 ) ) ;
#752 = CARTESIAN_POINT ( 'NONE',  ( 2.254250757960329477, 394.0958887354730109, -319.9921544691532063 ) ) ;
#753 = CARTESIAN_POINT ( 'NONE',  ( 316.8828954391833577, 143.8969930750951960, -633.7657908783666016 ) ) ;
#754 = FILL_AREA_STYLE ('',( #1886 ) ) ;
#755 = CARTESIAN_POINT ( 'NONE',  ( -272.2674704522618185, 389.5980353304919390, 162.3558678990933970 ) ) ;
#756 = ORIENTED_EDGE ( 'NONE', *, *, #1362, .F. ) ;
#757 = CARTESIAN_POINT ( 'NONE',  ( -274.9242034665833216, 391.3548750447361613, -163.7580093203195304 ) ) ;
#758 = ORIENTED_EDGE ( 'NONE', *, *, #2159, .T. ) ;
#759 = CARTESIAN_POINT ( 'NONE',  ( 274.8507262711537464, 389.8927377382709096, 163.8812932223178791 ) ) ;
#760 = CARTESIAN_POINT ( 'NONE',  ( 3.903397629128163793, 387.9315359906788103, -319.9762342385486136 ) ) ;
#761 = EDGE_CURVE ( 'NONE', #547, #932, #586, .T. ) ;
#762 = CARTESIAN_POINT ( 'NONE',  ( 276.7523906999732617, 390.1899999999999977, 154.5869148467920411 ) ) ;
#763 = CARTESIAN_POINT ( 'NONE',  ( 292.0422696846607096, 74.70096701306968612, 0.000000000000000000 ) ) ;
#764 = CARTESIAN_POINT ( 'NONE',  ( -316.8828954391833008, 143.8969930750951960, -633.7657908783666016 ) ) ;
#765 = ADVANCED_FACE ( 'NONE', ( #1131, #2463, #721 ), #358, .T. ) ;
#766 = CARTESIAN_POINT ( 'NONE',  ( -2.799509580448326695E-23, 385.6899999999999977, 320.0000000000000000 ) ) ;
#767 = EDGE_CURVE ( 'NONE', #1840, #1681, #542, .T. ) ;
#768 = CARTESIAN_POINT ( 'NONE',  ( -276.5300288060291223, 388.1954425027980164, -154.9843731708962196 ) ) ;
#769 = ORIENTED_EDGE ( 'NONE', *, *, #2221, .F. ) ;
#770 = CARTESIAN_POINT ( 'NONE',  ( -275.6293334082097886, 393.5801120617828133, -162.5684892061486551 ) ) ;
#771 = EDGE_CURVE ( 'NONE', #1678, #1347, #785, .T. ) ;
#772 = ORIENTED_EDGE ( 'NONE', *, *, #1526, .T. ) ;
#773 = CARTESIAN_POINT ( 'NONE',  ( -276.8327557290916161, 394.6608442333686639, 160.5107742150066770 ) ) ;
#774 = CARTESIAN_POINT ( 'NONE',  ( 4.500000000000007994, 390.1899999999999977, -319.9683578105810398 ) ) ;
#775 = ORIENTED_EDGE ( 'NONE', *, *, #600, .T. ) ;
#776 = CARTESIAN_POINT ( 'NONE',  ( -0.2965846796271812136, 394.6899999999999977, 317.0000000000000568 ) ) ;
#777 = CARTESIAN_POINT ( 'NONE',  ( 276.6823786008424690, 389.0251247258512990, -154.7121993899754102 ) ) ;
#778 = CARTESIAN_POINT ( 'NONE',  ( -273.9442764245662261, 385.8341587474126300, -159.5105569786470596 ) ) ;
#779 = ADVANCED_FACE ( 'NONE', ( #344 ), #1870, .T. ) ;
#780 = CARTESIAN_POINT ( 'NONE',  ( 276.4606678437980349, 392.4495687199323015, -155.1081112575000986 ) ) ;
#781 = CARTESIAN_POINT ( 'NONE',  ( -276.3984118098596241, 385.9211709607481566, 161.2575330178180479 ) ) ;
#782 = VERTEX_POINT ( 'NONE', #375 ) ;
#783 = CIRCLE ( 'NONE', #65, 5.499999999999991118 ) ;
#784 = CARTESIAN_POINT ( 'NONE',  ( -277.7104252471023642, 394.5458412963566275, 158.9874337250261647 ) ) ;
#785 = CIRCLE ( 'NONE', #2067, 199.9999999999999432 ) ;
#786 = CARTESIAN_POINT ( 'NONE',  ( -90.93266739736586146, 0.000000000000000000, 58.00000000000041211 ) ) ;
#787 = VERTEX_POINT ( 'NONE', #766 ) ;
#788 = CARTESIAN_POINT ( 'NONE',  ( 4.500000000000007994, 390.1899999999999977, -316.9680583276492030 ) ) ;
#789 = AXIS2_PLACEMENT_3D ( 'NONE', #1799, #879, #2207 ) ;
#791 = CARTESIAN_POINT ( 'NONE',  ( 0.000000000000000000, 699.2113762373492136, 0.000000000000000000 ) ) ;
#790 = VECTOR ( 'NONE', #2455, 1000.000000000000000 ) ;
#792 = CARTESIAN_POINT ( 'NONE',  ( 273.9447025997385481, 385.8340600301260679, -159.5098216450341511 ) ) ;
#793 = B_SPLINE_CURVE_WITH_KNOTS ( 'NONE', 3,
 ( #1862, #699, #2296, #1461, #896, #884, #568, #580, #1277, #2224, #1477, #939, #1327, #2101, #778, #514, #957, #1722, #1156, #2055, #10, #1708, #1, #2043, #323, #1339, #524, #1926, #768, #1528, #1287, #2112, #1663, #392 ),
 .UNSPECIFIED., .F., .F.,
 ( 4, 2, 2, 2, 2, 2, 2, 2, 2, 2, 2, 2, 2, 2, 2, 2, 4 ),
 ( 0.000000000000000000, 0.0008793271336006875391, 0.001758654267201375078, 0.002637981400802062726, 0.003517308534402750157, 0.004396635668003437587, 0.005275962801604125452, 0.006155289935204812449, 0.007034617068805500313, 0.007913944202406188178, 0.008793271336006875175, 0.009672598469607562172, 0.01055192560320825090, 0.01143125273680893790, 0.01231057987040962490, 0.01318990700401031363, 0.01406923413761100063 ),
 .UNSPECIFIED. ) ;
#794 = CARTESIAN_POINT ( 'NONE',  ( 276.6392343649415011, 391.6457591953352448, -154.7893622107646650 ) ) ;
#795 = CARTESIAN_POINT ( 'NONE',  ( -274.8507262711513590, 389.8963689774350314, 163.8812932223218013 ) ) ;
#796 = DIRECTION ( 'NONE',  ( 0.000000000000000000, -1.000000000000000000, 0.000000000000000000 ) ) ;
#797 = CARTESIAN_POINT ( 'NONE',  ( -276.4015266860567976, 394.4609460764354480, 161.2521945927294382 ) ) ;
#798 = CARTESIAN_POINT ( 'NONE',  ( 2.743957791287537695, 393.7687442562536830, 316.9882185039312503 ) ) ;
#799 = ORIENTED_EDGE ( 'NONE', *, *, #157, .F. ) ;
#800 = CARTESIAN_POINT ( 'NONE',  ( 1.992208635306645936, 386.1443783382496804, -316.9938555880508488 ) ) ;
#801 = CARTESIAN_POINT ( 'NONE',  ( 90.93266739736654358, 3.000000000000000000, 52.49999999999914735 ) ) ;
#802 = CARTESIAN_POINT ( 'NONE',  ( -148.9930312403102448, 3.868073794247531172, -297.9860624806204896 ) ) ;
#803 = CARTESIAN_POINT ( 'NONE',  ( 274.8229635504162616, 394.6612271963286958, -157.9918395413481846 ) ) ;
#804 = DIRECTION ( 'NONE',  ( 0.000000000000000000, 0.000000000000000000, -1.000000000000000000 ) ) ;
#805 = CARTESIAN_POINT ( 'NONE',  ( 90.93266739736543514, 0.000000000000000000, -52.50000000000105871 ) ) ;
#806 = CARTESIAN_POINT ( 'NONE',  ( 279.2385180731979517, 388.7401068985097368, 156.2877557024709461 ) ) ;
#807 = DIRECTION ( 'NONE',  ( -0.000000000000000000, -1.000000000000000000, -0.000000000000000000 ) ) ;
#808 = EDGE_LOOP ( 'NONE', ( #727, #160 ) ) ;
#809 = LINE ( 'NONE', #1932, #1503 ) ;
#810 = CARTESIAN_POINT ( 'NONE',  ( 320.0000000000000000, 83.33333333333335702, 0.000000000000000000 ) ) ;
#811 = ADVANCED_FACE ( 'NONE', ( #2100 ), #1721, .F. ) ;
#812 = CARTESIAN_POINT ( 'NONE',  ( 279.2806978778558573, 391.3548750447361613, -156.2123396571058151 ) ) ;
#813 = CARTESIAN_POINT ( 'NONE',  ( 272.4861245132291856, 392.1870454327910238, 161.9886557490903840 ) ) ;
#814 = CARTESIAN_POINT ( 'NONE',  ( 0.000000000000000000, 276.6677123335954320, 0.000000000000000000 ) ) ;
#815 = VERTEX_POINT ( 'NONE', #556 ) ;
#816 = CARTESIAN_POINT ( 'NONE',  ( -275.5209968032650636, 394.2356198402565042, 156.7713456093757145 ) ) ;
#817 = CARTESIAN_POINT ( 'NONE',  ( -274.6776046329083556, 385.6901043399970490, 158.2444301121521733 ) ) ;
#818 = AXIS2_PLACEMENT_3D ( 'NONE', #1845, #890, #2022 ) ;
#819 = ORIENTED_EDGE ( 'NONE', *, *, #1561, .T. ) ;
#820 = FACE_OUTER_BOUND ( 'NONE', #2457, .T. ) ;
#821 = DIRECTION ( 'NONE',  ( -0.8660254037844432595, 0.000000000000000000, -0.4999999999999919509 ) ) ;
#822 = AXIS2_PLACEMENT_3D ( 'NONE', #2135, #245, #1581 ) ;
#823 = CARTESIAN_POINT ( 'NONE',  ( -124.9999999999999858, 3.000000000000000000, -249.9999999999999716 ) ) ;
#824 = CIRCLE ( 'NONE', #1232, 197.0508374963454798 ) ;
#825 = CIRCLE ( 'NONE', #1673, 320.0000000000000000 ) ;
#826 = CARTESIAN_POINT ( 'NONE',  ( 275.0837042952973093, 392.1845573976197556, -163.4899641867327205 ) ) ;
#827 = AXIS2_PLACEMENT_3D ( 'NONE', #1444, #2208, #1081 ) ;
#828 = CARTESIAN_POINT ( 'NONE',  ( -277.2740879913104664, 394.6901037734502324, -159.7471948953547383 ) ) ;
#829 = DIRECTION ( 'NONE',  ( -0.000000000000000000, -1.000000000000000000, -0.000000000000000000 ) ) ;
#830 = DIRECTION ( 'NONE',  ( 0.000000000000000000, 0.000000000000000000, 1.000000000000000000 ) ) ;
#831 = CARTESIAN_POINT ( 'NONE',  ( -4.044814638383972927, 392.1841322223576185, -319.9744555766995404 ) ) ;
#832 = ORIENTED_EDGE ( 'NONE', *, *, #919, .F. ) ;
#833 = CARTESIAN_POINT ( 'NONE',  ( 279.3365005427053234, 389.5985613323842927, -156.1125326647083398 ) ) ;
#834 = CARTESIAN_POINT ( 'NONE',  ( -3.388568196761522877, 387.2144598505602175, 316.9819565170803912 ) ) ;
#835 = EDGE_CURVE ( 'NONE', #1507, #482, #159, .T. ) ;
#836 = CARTESIAN_POINT ( 'NONE',  ( 304.1219733709099273, 95.42234073877372680, 608.2439467418201957 ) ) ;
#837 = CARTESIAN_POINT ( 'NONE',  ( 1.168487489840382088, 394.5455914410354126, 319.9979966625534189 ) ) ;
#838 = CARTESIAN_POINT ( 'NONE',  ( -276.5456489689775026, 385.8326226471950804, -161.0049275412739860 ) ) ;
#839 = LINE ( 'NONE', #1016, #1710 ) ;
#840 = EDGE_CURVE ( 'NONE', #547, #1263, #425, .T. ) ;
#841 = DIRECTION ( 'NONE',  ( 0.000000000000000000, 0.000000000000000000, 1.000000000000000000 ) ) ;
#842 = ORIENTED_EDGE ( 'NONE', *, *, #2209, .T. ) ;
#843 = FACE_BOUND ( 'NONE', #2416, .T. ) ;
#844 = CARTESIAN_POINT ( 'NONE',  ( -3.904044189850628399, 392.4470670327822859, -319.9762256398237241 ) ) ;
#845 = ORIENTED_EDGE ( 'NONE', *, *, #1891, .F. ) ;
#846 = CARTESIAN_POINT ( 'NONE',  ( -3.388695717768707816, 387.2146129264056071, 319.9821242888103825 ) ) ;
#847 = CARTESIAN_POINT ( 'NONE',  ( -4.356429759635516596, 389.0248663758403609, 316.9700692352481042 ) ) ;
#848 = CARTESIAN_POINT ( 'NONE',  ( 316.8828954391833577, 143.8969930750951676, 7.761392472082826326E-14 ) ) ;
#849 = CARTESIAN_POINT ( 'NONE',  ( 3.918869757271530421E-14, 449.9999999999999432, 320.0000000000000000 ) ) ;
#850 = CARTESIAN_POINT ( 'NONE',  ( -278.1218211440296955, 386.1471278720209170, -158.2666313836678000 ) ) ;
#851 = CARTESIAN_POINT ( 'NONE',  ( 275.1121796283597973, 394.5457268233213313, 157.4876862908353701 ) ) ;
#852 = ADVANCED_FACE ( 'NONE', ( #391 ), #1925, .F. ) ;
#853 = CARTESIAN_POINT ( 'NONE',  ( -273.5284662848216612, 394.2356198402565042, -160.2225097029515837 ) ) ;
#854 = ORIENTED_EDGE ( 'NONE', *, *, #2321, .F. ) ;
#855 = FACE_BOUND ( 'NONE', #1288, .T. ) ;
#856 = CARTESIAN_POINT ( 'NONE',  ( -1.168487489840354998, 394.5455914410354126, -319.9979966625534189 ) ) ;
#857 = VERTEX_POINT ( 'NONE', #916 ) ;
#858 = LINE ( 'NONE', #2202, #506 ) ;
#859 = CARTESIAN_POINT ( 'NONE',  ( -274.8507262711514159, 390.1899999999999977, 163.8812932223217445 ) ) ;
#860 = CIRCLE ( 'NONE', #1987, 5.499999999999991118 ) ;
#861 = CARTESIAN_POINT ( 'NONE',  ( 0.000000000000000000, 0.000000000000000000, 0.000000000000000000 ) ) ;
#862 = CARTESIAN_POINT ( 'NONE',  ( 3.882130356089275477E-14, 394.6899999999999977, -317.0000000000000000 ) ) ;
#863 = CIRCLE ( 'NONE', #2263, 5.499999999999991118 ) ;
#865 = DIRECTION ( 'NONE',  ( -0.8660254037844432595, 0.000000000000000000, -0.4999999999999919509 ) ) ;
#864 = VECTOR ( 'NONE', #2181, 1000.000000000000000 ) ;
#866 = CARTESIAN_POINT ( 'NONE',  ( -0.5914939588631582534, 385.7193541040028890, -316.9995794413356407 ) ) ;
#867 = AXIS2_PLACEMENT_3D ( 'NONE', #2175, #672, #2005 ) ;
#868 = DIRECTION ( 'NONE',  ( -0.000000000000000000, 1.000000000000000000, -0.000000000000000000 ) ) ;
#869 = VERTEX_POINT ( 'NONE', #1686 ) ;
#870 = CARTESIAN_POINT ( 'NONE',  ( -276.4606678437991150, 392.4495687199323015, 155.1081112574982228 ) ) ;
#871 = CARTESIAN_POINT ( 'NONE',  ( -276.7523906999712153, 389.8926705139306819, 154.5869148467959064 ) ) ;
#872 = ORIENTED_EDGE ( 'NONE', *, *, #1488, .T. ) ;
#873 = CARTESIAN_POINT ( 'NONE',  ( 275.6277269532409377, 386.8026843500837799, -162.5712124177375699 ) ) ;
#874 = CARTESIAN_POINT ( 'NONE',  ( -3.578757178983113629, 387.4460907979866988, 316.9798403611112576 ) ) ;
#875 = CARTESIAN_POINT ( 'NONE',  ( -304.1219733709100979, 95.42234073877372680, -3.724420012390615718E-14 ) ) ;
#876 = B_SPLINE_CURVE_WITH_KNOTS ( 'NONE', 3,
 ( #1584, #2152, #1789, #1225, #1607, #2378, #1825, #436, #1991, #2016, #256, #1019, #1815, #1199, #2199, #294, #246, #110, #1596, #60, #621, #816, #98, #1418, #1433, #1619, #2186, #870, #2351, #2364, #2336, #1380, #635, #2390 ),
 .UNSPECIFIED., .F., .F.,
 ( 4, 2, 2, 2, 2, 2, 2, 2, 2, 2, 2, 2, 2, 2, 2, 2, 4 ),
 ( 0.01406923413761096767, 0.01494836267953459849, 0.01582749122145822931, 0.01670661976338186014, 0.01758574830530549443, 0.01846487684722912526, 0.01934400538915275608, 0.02022313393107638690, 0.02110226247300001773, 0.02198139101492364855, 0.02286051955684727938, 0.02373964809877091020, 0.02461877664069454102, 0.02549790518261817185, 0.02637703372454180614, 0.02725616226646543697, 0.02813529080838906779 ),
 .UNSPECIFIED. ) ;
#877 = CARTESIAN_POINT ( 'NONE',  ( 279.3507262711503358, 390.1899999999999977, -156.0870645882637575 ) ) ;
#878 = CARTESIAN_POINT ( 'NONE',  ( 4.044814638383972927, 392.1841322223576753, 319.9744555766995973 ) ) ;
#879 = DIRECTION ( 'NONE',  ( -0.000000000000000000, -1.000000000000000000, -0.000000000000000000 ) ) ;
#880 = MANIFOLD_SOLID_BREP ( 'D\X2\00e9\X0\gagement M101', #2143 ) ;
#881 = CARTESIAN_POINT ( 'NONE',  ( -272.8206495220086367, 393.1666811413876417, -161.4247081513258877 ) ) ;
#882 = EDGE_LOOP ( 'NONE', ( #28, #1045 ) ) ;
#883 = CARTESIAN_POINT ( 'NONE',  ( 274.2361391551088445, 385.7186464254741054, 159.0082524736281755 ) ) ;
#884 = CARTESIAN_POINT ( 'NONE',  ( -272.4857111829771839, 388.1943105393059454, -161.9893513886277390 ) ) ;
#885 = ORIENTED_EDGE ( 'NONE', *, *, #1041, .T. ) ;
#886 = CARTESIAN_POINT ( 'NONE',  ( 279.2796693429383481, 389.0163553831189915, -156.2141788767379182 ) ) ;
#887 = FACE_OUTER_BOUND ( 'NONE', #1033, .T. ) ;
#888 = DIRECTION ( 'NONE',  ( 1.000000000000000000, 0.000000000000000000, 0.000000000000000000 ) ) ;
#889 = B_SPLINE_CURVE_WITH_KNOTS ( 'NONE', 3,
 ( #1709, #2102, #1949, #202, #1166, #415, #49, #377, #214, #1748, #1899, #11, #1157, #1179, #230, #1927, #979, #1143, #803, #617, #192, #1529, #2297, #581, #1340, #969, #1735, #780, #36, #794, #1556, #900, #252, #1453 ),
 .UNSPECIFIED., .F., .F.,
 ( 4, 2, 2, 2, 2, 2, 2, 2, 2, 2, 2, 2, 2, 2, 2, 2, 4 ),
 ( 0.01406923413761094858, 0.01494836267953457941, 0.01582749122145820850, 0.01670661976338183932, 0.01758574830530547015, 0.01846487684722910097, 0.01934400538915273179, 0.02022313393107636262, 0.02110226247299999344, 0.02198139101492362427, 0.02286051955684725509, 0.02373964809877088591, 0.02461877664069451674, 0.02549790518261814756, 0.02637703372454177839, 0.02725616226646540921, 0.02813529080838904003 ),
 .UNSPECIFIED. ) ;
#890 = DIRECTION ( 'NONE',  ( -0.000000000000000000, -1.000000000000000000, -0.000000000000000000 ) ) ;
#891 = FACE_OUTER_BOUND ( 'NONE', #422, .T. ) ;
#892 = CARTESIAN_POINT ( 'NONE',  ( -2.971761062862706915, 386.7978269180766233, -316.9861396769405246 ) ) ;
#893 = DIRECTION ( 'NONE',  ( -0.000000000000000000, 1.000000000000000000, -0.000000000000000000 ) ) ;
#894 = ORIENTED_EDGE ( 'NONE', *, *, #216, .T. ) ;
#895 = CARTESIAN_POINT ( 'NONE',  ( 90.93266739736543514, 0.000000000000000000, -58.00000000000105160 ) ) ;
#896 = CARTESIAN_POINT ( 'NONE',  ( -272.3701850590884987, 388.7393190845423874, -162.1835227545605278 ) ) ;
#897 = EDGE_LOOP ( 'NONE', ( #1210, #2289, #2309, #2165, #1931, #136, #647, #1330, #173, #2189, #2363 ) ) ;
#898 = CARTESIAN_POINT ( 'NONE',  ( -279.2384529204521755, 391.6406806441650588, 156.2878727628919648 ) ) ;
#899 = CARTESIAN_POINT ( 'NONE',  ( -192.0265652266534460, 10.78574458508401612, 384.0531304533067214 ) ) ;
#900 = CARTESIAN_POINT ( 'NONE',  ( 276.7381683599427902, 390.7814387413943109, -154.6123848960010889 ) ) ;
#901 = CARTESIAN_POINT ( 'NONE',  ( -210.9703240350002034, 16.66110728174800215, -2.583641320445429275E-14 ) ) ;
#902 = CARTESIAN_POINT ( 'NONE',  ( -2.257052893287564199, 386.2859411935014009, -316.9920584652682010 ) ) ;
#903 = PRESENTATION_LAYER_ASSIGNMENT (  '', '', ( #383 ) ) ;
#904 = CARTESIAN_POINT ( 'NONE',  ( 0.000000000000000000, 704.2053900641531072, 0.000000000000000000 ) ) ;
#905 = VERTEX_POINT ( 'NONE', #1374 ) ;
#906 = CARTESIAN_POINT ( 'NONE',  ( 275.2511582915130930, 385.9190539997342171, 157.2446313061232672 ) ) ;
#907 = VECTOR ( 'NONE', #1436, 1000.000000000000000 ) ;
#908 = ORIENTED_EDGE ( 'NONE', *, *, #688, .T. ) ;
#909 = LINE ( 'NONE', #1126, #1149 ) ;
#910 = FACE_OUTER_BOUND ( 'NONE', #125, .T. ) ;
#911 = CARTESIAN_POINT ( 'NONE',  ( 0.000000000000000000, 449.9999999999999432, 0.000000000000000000 ) ) ;
#912 = CARTESIAN_POINT ( 'NONE',  ( 274.8507262711536896, 390.1899999999999977, 163.8812932223179359 ) ) ;
#913 = EDGE_CURVE ( 'NONE', #1159, #292, #1432, .T. ) ;
#914 = CARTESIAN_POINT ( 'NONE',  ( 228.2936883607636105, 23.87575321960808239, 0.000000000000000000 ) ) ;
#915 = CARTESIAN_POINT ( 'NONE',  ( -1.993602503813721727, 386.1449502256126038, -316.9938480771381251 ) ) ;
#916 = CARTESIAN_POINT ( 'NONE',  ( -320.0000000000000000, 150.0000000000000284, -3.918869757271529159E-14 ) ) ;
#917 = ORIENTED_EDGE ( 'NONE', *, *, #1041, .F. ) ;
#918 = CARTESIAN_POINT ( 'NONE',  ( 276.0036104720097683, 386.7972524840832875, 155.9200152345028698 ) ) ;
#919 = EDGE_CURVE ( 'NONE', #1383, #312, #1796, .T. ) ;
#920 = ORIENTED_EDGE ( 'NONE', *, *, #1715, .F. ) ;
#921 = ADVANCED_FACE ( 'NONE', ( #303 ), #1848, .F. ) ;
#922 = DIRECTION ( 'NONE',  ( 0.8660254037844363761, 0.000000000000000000, -0.5000000000000041078 ) ) ;
#923 = CARTESIAN_POINT ( 'NONE',  ( 2.257052893287574413, 386.2859411935015146, 316.9920584652683146 ) ) ;
#924 = ORIENTED_EDGE ( 'NONE', *, *, #1136, .T. ) ;
#925 = CARTESIAN_POINT ( 'NONE',  ( -2.254250757960321927, 394.0958887354730109, 319.9921544691532063 ) ) ;
#926 = CARTESIAN_POINT ( 'NONE',  ( 277.7100014878816410, 394.5459400225852846, 158.9881704947400465 ) ) ;
#927 = CARTESIAN_POINT ( 'NONE',  ( 316.8828954391833577, 143.8969930750951676, 0.000000000000000000 ) ) ;
#928 = SURFACE_STYLE_FILL_AREA ( #754 ) ;
#929 = EDGE_LOOP ( 'NONE', ( #1462, #2258 ) ) ;
#930 = LINE ( 'NONE', #2123, #2474 ) ;
#931 = EDGE_CURVE ( 'NONE', #1678, #932, #305, .T. ) ;
#932 = VERTEX_POINT ( 'NONE', #1810 ) ;
#933 = CARTESIAN_POINT ( 'NONE',  ( 2.253261956855475479, 394.0962812508877278, -316.9920858281678306 ) ) ;
#934 = CARTESIAN_POINT ( 'NONE',  ( 174.8739957108788019, 7.128835295609106559, 349.7479914217577743 ) ) ;
#935 = CARTESIAN_POINT ( 'NONE',  ( -1.992208427218258748, 394.2356217649694372, 319.9939131942595054 ) ) ;
#936 = DIRECTION ( 'NONE',  ( -0.000000000000000000, 1.000000000000000000, 0.000000000000000000 ) ) ;
#937 = CARTESIAN_POINT ( 'NONE',  ( 316.1768662589612404, 135.6029410036696845, 0.000000000000000000 ) ) ;
#938 = CARTESIAN_POINT ( 'NONE',  ( 90.93266739736543514, 0.000000000000000000, -52.50000000000105871 ) ) ;
#939 = CARTESIAN_POINT ( 'NONE',  ( -273.3955950682292269, 386.2846573819334139, -160.4490857449197563 ) ) ;
#940 = LINE ( 'NONE', #1535, #1744 ) ;
#941 = CARTESIAN_POINT ( 'NONE',  ( -278.8978316539829052, 387.4396369810256147, 156.8949538421284728 ) ) ;
#942 = COLOUR_RGB ( '',0.7921568627450980005, 0.8196078431372548767, 0.9333333333333333481 ) ;
#943 = ADVANCED_FACE ( 'NONE', ( #891 ), #704, .F. ) ;
#944 = CIRCLE ( 'NONE', #2432, 125.0000000000000000 ) ;
#945 = ORIENTED_EDGE ( 'NONE', *, *, #2356, .F. ) ;
#946 = CARTESIAN_POINT ( 'NONE',  ( 277.7102721440274422, 385.8342731233331619, 158.9876959352035897 ) ) ;
#947 = CIRCLE ( 'NONE', #428, 317.0000000000000000 ) ;
#948 = CARTESIAN_POINT ( 'NONE',  ( 3.574844142250423573, 387.4408797605233303, -319.9800735669209644 ) ) ;
#949 = EDGE_LOOP ( 'NONE', ( #54, #1890 ) ) ;
#950 = CARTESIAN_POINT ( 'NONE',  ( 0.2935823488470185594, 394.6899999999999409, -319.9999999999998863 ) ) ;
#951 = CARTESIAN_POINT ( 'NONE',  ( 317.0000000000000000, 150.0000000000000284, 0.000000000000000000 ) ) ;
#952 = EDGE_CURVE ( 'NONE', #2056, #1023, #204, .T. ) ;
#953 = EDGE_CURVE ( 'NONE', #869, #1073, #668, .T. ) ;
#954 = CARTESIAN_POINT ( 'NONE',  ( 317.0000000000000000, 147.9576209620995826, -633.9999999999998863 ) ) ;
#955 = ADVANCED_FACE ( 'NONE', ( #1985 ), #131, .F. ) ;
#956 = DIRECTION ( 'NONE',  ( -0.000000000000000000, -1.000000000000000000, -0.000000000000000000 ) ) ;
#957 = CARTESIAN_POINT ( 'NONE',  ( -274.3824988009687331, 385.6901043399970490, -158.7555684066814194 ) ) ;
#958 = VERTEX_POINT ( 'NONE', #2013 ) ;
#959 = DIRECTION ( 'NONE',  ( 0.8660254037844363761, 0.000000000000000000, -0.5000000000000039968 ) ) ;
#960 = VERTEX_POINT ( 'NONE', #1235 ) ;
#961 = CARTESIAN_POINT ( 'NONE',  ( 0.000000000000000000, 276.6677123335954320, 0.000000000000000000 ) ) ;
#962 = CARTESIAN_POINT ( 'NONE',  ( 0.000000000000000000, 150.0000000000000284, 0.000000000000000000 ) ) ;
#963 = ORIENTED_EDGE ( 'NONE', *, *, #2251, .T. ) ;
#964 = CARTESIAN_POINT ( 'NONE',  ( 3.578757303019127090, 392.9339090425866630, -319.9800293680816026 ) ) ;
#965 = CARTESIAN_POINT ( 'NONE',  ( 317.0000000000000000, 147.9576209620995826, 0.000000000000000000 ) ) ;
#966 = CARTESIAN_POINT ( 'NONE',  ( -131.1640497075167957, 3.040308620855203259, -1.606296336375147812E-14 ) ) ;
#967 = CARTESIAN_POINT ( 'NONE',  ( 275.8934184625894659, 386.6136123935316391, -156.1149645873780685 ) ) ;
#968 = DIRECTION ( 'NONE',  ( -0.000000000000000000, 1.000000000000000000, -0.000000000000000000 ) ) ;
#969 = CARTESIAN_POINT ( 'NONE',  ( 276.2082228185400368, 393.1666811413876417, -155.5572590873699710 ) ) ;
#970 = CARTESIAN_POINT ( 'NONE',  ( -320.0000000000000000, 150.0000000000000284, -3.918869757271529159E-14 ) ) ;
#971 = CARTESIAN_POINT ( 'NONE',  ( 276.8345080044880433, 385.7187727982867500, 160.5077500750566912 ) ) ;
#972 = DIRECTION ( 'NONE',  ( 0.000000000000000000, 0.000000000000000000, 1.000000000000000000 ) ) ;
#973 = ORIENTED_EDGE ( 'NONE', *, *, #306, .F. ) ;
#974 = CARTESIAN_POINT ( 'NONE',  ( -2.973394526327933107, 393.5804441906658440, 316.9861228004733675 ) ) ;
#975 = CARTESIAN_POINT ( 'NONE',  ( 0.000000000000000000, 699.2113762373492136, -197.0508374963454798 ) ) ;
#976 = CARTESIAN_POINT ( 'NONE',  ( -127.0462727737098589, 3.000000000000000000, -1.555868112959252930E-14 ) ) ;
#977 = B_SPLINE_CURVE_WITH_KNOTS ( 'NONE', 3,
 ( #355, #1895, #1523, #575, #1703, #1514, #728, #964, #1731, #1482, #341, #752, #1335, #2243, #1138, #1324, #950, #2059 ),
 .UNSPECIFIED., .F., .F.,
 ( 4, 2, 2, 2, 2, 2, 2, 2, 4 ),
 ( 0.000000000000000000, 0.0008795260726632485142, 0.001759052145326497028, 0.002638578217989745543, 0.003518104290652994057, 0.004397630363316243005, 0.005277156435979491085, 0.006156682508642740033, 0.007036208581305989848 ),
 .UNSPECIFIED. ) ;
#978 = CARTESIAN_POINT ( 'NONE',  ( 274.2346760483773664, 385.7191557852847836, -159.0107723908391506 ) ) ;
#979 = CARTESIAN_POINT ( 'NONE',  ( 274.3798065647511066, 394.6897489075612384, -158.7602273301257867 ) ) ;
#980 = CARTESIAN_POINT ( 'NONE',  ( -275.1546275848442065, 392.4441776428203070, -163.3706142289836976 ) ) ;
#981 = CARTESIAN_POINT ( 'NONE',  ( -4.354542225908026865, 389.0169708496350154, 319.9703757306422176 ) ) ;
#982 = CIRCLE ( 'NONE', #2030, 192.2954308275950837 ) ;
#983 = CARTESIAN_POINT ( 'NONE',  ( 279.3507262711536328, 389.8963689774350314, 156.0870645882579311 ) ) ;
#984 = B_SPLINE_CURVE_WITH_KNOTS ( 'NONE', 3,
 ( #53, #986, #611, #622, #1382, #1756, #1522, #2291, #43, #206, #798, #1562, #236, #1533, #26, #1728, #573, #587 ),
 .UNSPECIFIED., .F., .F.,
 ( 4, 2, 2, 2, 2, 2, 2, 2, 4 ),
 ( 0.01406923413761099369, 0.01494882982774419465, 0.01582842551787739388, 0.01670802120801059484, 0.01758761689814379581, 0.01846721258827699677, 0.01934680827841019773, 0.02022640396854339870, 0.02110599965867659966 ),
 .UNSPECIFIED. ) ;
#985 = CIRCLE ( 'NONE', #109, 5.499999999999991118 ) ;
#986 = CARTESIAN_POINT ( 'NONE',  ( 4.500000000000005329, 390.4837870819511636, 316.9680583276492030 ) ) ;
#987 = ORIENTED_EDGE ( 'NONE', *, *, #1364, .F. ) ;
#988 = CARTESIAN_POINT ( 'NONE',  ( 2.973128788101137232, 386.7993158781159764, -316.9861253383650705 ) ) ;
#989 = CARTESIAN_POINT ( 'NONE',  ( 279.3507262711536896, 390.4836973516747776, 156.0870645882579879 ) ) ;
#990 = CIRCLE ( 'NONE', #2270, 5.499999999999991118 ) ;
#991 = CARTESIAN_POINT ( 'NONE',  ( 127.0462727737098589, 3.000000000000000000, 0.000000000000000000 ) ) ;
#992 = ADVANCED_FACE ( 'NONE', ( #2001 ), #1053, .F. ) ;
#993 = CARTESIAN_POINT ( 'NONE',  ( 272.5573813974905306, 387.9324688617950301, -161.8687752593641278 ) ) ;
#994 = CARTESIAN_POINT ( 'NONE',  ( 125.0000000000000000, 0.000000000000000000, 0.000000000000000000 ) ) ;
#995 = CARTESIAN_POINT ( 'NONE',  ( 276.7523906999733185, 390.4836310533224832, 154.5869148467920979 ) ) ;
#996 = FACE_BOUND ( 'NONE', #929, .T. ) ;
#997 = EDGE_LOOP ( 'NONE', ( #1375, #2323, #1492, #845 ) ) ;
#998 = CARTESIAN_POINT ( 'NONE',  ( 279.3368445668333493, 389.6045426758624330, 156.1119168284068053 ) ) ;
#999 = DIRECTION ( 'NONE',  ( -0.000000000000000000, -1.000000000000000000, -0.000000000000000000 ) ) ;
#1000 = ORIENTED_EDGE ( 'NONE', *, *, #1028, .T. ) ;
#1001 = CARTESIAN_POINT ( 'NONE',  ( 3.578757178983117182, 387.4460907979868125, -316.9798403611114850 ) ) ;
#1002 = CARTESIAN_POINT ( 'NONE',  ( 272.7236679417357550, 387.4450409166618101, -161.5884510187208036 ) ) ;
#1003 = CARTESIAN_POINT ( 'NONE',  ( 276.9821729583348429, 394.6901037734502324, -160.2528065639619399 ) ) ;
#1004 = CARTESIAN_POINT ( 'NONE',  ( 272.8206495220098304, 393.1666811413876417, 161.4247081513240403 ) ) ;
#1005 = CARTESIAN_POINT ( 'NONE',  ( -3.903397629128134483, 387.9315359906786966, 319.9762342385486136 ) ) ;
#1006 = VERTEX_POINT ( 'NONE', #1907 ) ;
#1007 = CARTESIAN_POINT ( 'NONE',  ( 90.93266739736654358, -8.817456953860914693E-16, 52.49999999999914735 ) ) ;
#1008 = ADVANCED_FACE ( 'NONE', ( #1885 ), #2284, .F. ) ;
#1009 = CARTESIAN_POINT ( 'NONE',  ( -1.448928013252285929, 394.4605369921643501, -319.9968355737974548 ) ) ;
#1010 = EDGE_LOOP ( 'NONE', ( #2376, #1881, #1018, #1070 ) ) ;
#1011 = CYLINDRICAL_SURFACE ( 'NONE', #1864, 5.499999999999991118 ) ;
#1012 = CARTESIAN_POINT ( 'NONE',  ( -4.500000000000007994, 390.1899999999999977, -316.9680583276492030 ) ) ;
#1013 = DIRECTION ( 'NONE',  ( 0.000000000000000000, 0.000000000000000000, -1.000000000000000000 ) ) ;
#1014 = CARTESIAN_POINT ( 'NONE',  ( 272.2523906999699648, 390.1899999999999977, -162.3811434808577303 ) ) ;
#1015 = CARTESIAN_POINT ( 'NONE',  ( 278.9004109863866461, 392.9333741718508577, -156.8903675390376975 ) ) ;
#1016 = CARTESIAN_POINT ( 'NONE',  ( -305.3588913245538947, 390.1899999999999977, -171.1028856829693154 ) ) ;
#1017 = DIRECTION ( 'NONE',  ( -0.000000000000000000, -1.000000000000000000, -0.000000000000000000 ) ) ;
#1018 = ORIENTED_EDGE ( 'NONE', *, *, #1086, .T. ) ;
#1019 = CARTESIAN_POINT ( 'NONE',  ( -273.3950142594401314, 394.0945607926249750, 160.4500733972717796 ) ) ;
#1020 = ADVANCED_FACE ( 'NONE', ( #615 ), #1154, .F. ) ;
#1021 = DIRECTION ( 'NONE',  ( 0.000000000000000000, 0.000000000000000000, 1.000000000000000000 ) ) ;
#1022 = AXIS2_PLACEMENT_3D ( 'NONE', #1921, #1101, #198 ) ;
#1023 = VERTEX_POINT ( 'NONE', #1566 ) ;
#1024 = CARTESIAN_POINT ( 'NONE',  ( 272.2523906999699648, 390.1899999999999977, -162.3811434808577303 ) ) ;
#1025 = CARTESIAN_POINT ( 'NONE',  ( -3.905526707587125834, 387.9353599419551983, 316.9759826224032508 ) ) ;
#1026 = CARTESIAN_POINT ( 'NONE',  ( 316.9999999999998295, 147.9576209620995826, 634.0000000000000000 ) ) ;
#1027 = CARTESIAN_POINT ( 'NONE',  ( -272.2523906999711016, 390.1899999999999977, 162.3811434808557976 ) ) ;
#1028 = EDGE_CURVE ( 'NONE', #869, #1817, #1750, .T. ) ;
#1029 = CIRCLE ( 'NONE', #1190, 5.499999999999991118 ) ;
#1030 = CARTESIAN_POINT ( 'NONE',  ( -279.3507262711525527, 389.8963689774350314, -156.0870645882599206 ) ) ;
#1031 = CARTESIAN_POINT ( 'NONE',  ( -279.3363734306822153, 390.7819645760210392, -156.1127598446726381 ) ) ;
#1032 = CARTESIAN_POINT ( 'NONE',  ( 0.000000000000000000, -8.817456953860914693E-16, -105.0000000000000000 ) ) ;
#1033 = EDGE_LOOP ( 'NONE', ( #1399, #145, #674, #2088 ) ) ;
#1034 = CARTESIAN_POINT ( 'NONE',  ( -279.3507262711525527, 390.1899999999999977, -156.0870645882598922 ) ) ;
#1035 = CARTESIAN_POINT ( 'NONE',  ( -275.5213370201019529, 386.1448821310760309, 156.7707439965395793 ) ) ;
#1036 = EDGE_LOOP ( 'NONE', ( #1779, #2466 ) ) ;
#1037 = CARTESIAN_POINT ( 'NONE',  ( -1.449551540155435303, 385.9196473404008429, 319.9968330383232455 ) ) ;
#1038 = CARTESIAN_POINT ( 'NONE',  ( -3.906254454827984723, 387.9363201629502669, -319.9761996030813407 ) ) ;
#1039 = CARTESIAN_POINT ( 'NONE',  ( -228.2936883607636958, 23.87575321960808239, 456.5873767215270504 ) ) ;
#1040 = CARTESIAN_POINT ( 'NONE',  ( -3.576814939019699935, 392.9366873603438535, -316.9798629743385732 ) ) ;
#1041 = EDGE_CURVE ( 'NONE', #1534, #1876, #509, .T. ) ;
#1042 = CARTESIAN_POINT ( 'NONE',  ( -278.2494872656246230, 386.2854390705001606, -158.0420283073979704 ) ) ;
#1043 = CARTESIAN_POINT ( 'NONE',  ( -305.3588913245528147, 390.1899999999999977, 171.1028856829714755 ) ) ;
#1044 = CARTESIAN_POINT ( 'NONE',  ( -274.2364284086489192, 394.6612271963286958, -159.0077482073137674 ) ) ;
#1045 = ORIENTED_EDGE ( 'NONE', *, *, #1086, .F. ) ;
#1046 = FACE_BOUND ( 'NONE', #1085, .T. ) ;
#1047 = DIRECTION ( 'NONE',  ( -0.000000000000000000, 1.000000000000000000, -0.000000000000000000 ) ) ;
#1048 = VERTEX_POINT ( 'NONE', #200 ) ;
#1049 = CARTESIAN_POINT ( 'NONE',  ( 275.3219645722060136, 387.4445585787374284, -163.0884511809371418 ) ) ;
#1050 = LINE ( 'NONE', #677, #1795 ) ;
#1051 = DIRECTION ( 'NONE',  ( 0.000000000000000000, 0.000000000000000000, -1.000000000000000000 ) ) ;
#1052 = CARTESIAN_POINT ( 'NONE',  ( -3.906254208676934070, 392.4436802392222603, -316.9759743488387471 ) ) ;
#1053 = CYLINDRICAL_SURFACE ( 'NONE', #226, 4.500000000000003553 ) ;
#1054 = CARTESIAN_POINT ( 'NONE',  ( -273.1498583448782824, 393.7716869984235473, -160.8670713781499444 ) ) ;
#1055 = VERTEX_POINT ( 'NONE', #1924 ) ;
#1056 = FACE_OUTER_BOUND ( 'NONE', #1297, .T. ) ;
#1057 = CARTESIAN_POINT ( 'NONE',  ( -4.270601372304503762, 391.6388107875085893, -319.9715217187040253 ) ) ;
#1058 = ORIENTED_EDGE ( 'NONE', *, *, #1469, .T. ) ;
#1059 = ADVANCED_FACE ( 'NONE', ( #2142 ), #409, .F. ) ;
#1060 = CARTESIAN_POINT ( 'NONE',  ( 276.3984118098585441, 385.9211709607480998, -161.2575330178200090 ) ) ;
#1061 = LINE ( 'NONE', #2009, #2193 ) ;
#1062 = AXIS2_PLACEMENT_3D ( 'NONE', #1579, #630, #1629 ) ;
#1063 = CARTESIAN_POINT ( 'NONE',  ( 228.2936883607636105, 23.87575321960808239, 5.591582694331050234E-14 ) ) ;
#1064 = LINE ( 'NONE', #1833, #421 ) ;
#1065 = CARTESIAN_POINT ( 'NONE',  ( 320.0000000000000000, 150.0000000000000284, 7.837739514543060841E-14 ) ) ;
#1066 = CIRCLE ( 'NONE', #1543, 5.000000000000004441 ) ;
#1067 = CARTESIAN_POINT ( 'NONE',  ( -275.6303030233605682, 386.7982021110378241, -162.5668455207459431 ) ) ;
#1068 = AXIS2_PLACEMENT_3D ( 'NONE', #447, #1777, #1251 ) ;
#1069 = CARTESIAN_POINT ( 'NONE',  ( -272.3269629922000945, 391.3636445578465555, -162.2560588017902887 ) ) ;
#1070 = ORIENTED_EDGE ( 'NONE', *, *, #2251, .F. ) ;
#1071 = CARTESIAN_POINT ( 'NONE',  ( 276.6819206682171171, 389.0214294073225005, 154.7130184667325352 ) ) ;
#1072 = CARTESIAN_POINT ( 'NONE',  ( 319.9999999999998295, 83.33333333333335702, 640.0000000000000000 ) ) ;
#1073 = VERTEX_POINT ( 'NONE', #664 ) ;
#1074 = CARTESIAN_POINT ( 'NONE',  ( 279.1276387418416789, 388.1929548062022945, -156.4856988162117943 ) ) ;
#1075 = CARTESIAN_POINT ( 'NONE',  ( -9.356442538554854720E-23, 385.6899999999999977, 317.0000000000000000 ) ) ;
#1076 = EDGE_CURVE ( 'NONE', #321, #24, #944, .T. ) ;
#1077 = DIRECTION ( 'NONE',  ( 0.000000000000000000, 0.000000000000000000, 1.000000000000000000 ) ) ;
#1078 = CARTESIAN_POINT ( 'NONE',  ( 279.1280345991293075, 392.1856892247492965, -156.4849930919405097 ) ) ;
#1079 = CARTESIAN_POINT ( 'NONE',  ( -90.93266739736617410, -8.817456953860914693E-16, -57.99999999999977973 ) ) ;
#1080 = CARTESIAN_POINT ( 'NONE',  ( -274.8656694081165028, 389.5985613323842927, -163.8562393418768011 ) ) ;
#1081 = DIRECTION ( 'NONE',  ( 1.000000000000000000, 0.000000000000000000, 0.000000000000000000 ) ) ;
#1082 = CARTESIAN_POINT ( 'NONE',  ( -275.2542237746204705, 394.4588290047668124, -157.2392644994153557 ) ) ;
#1083 = EDGE_LOOP ( 'NONE', ( #559, #114, #623, #1151 ) ) ;
#1084 = CARTESIAN_POINT ( 'NONE',  ( 274.6760118228810938, 385.6898962256030359, 158.2471948486562212 ) ) ;
#1085 = EDGE_LOOP ( 'NONE', ( #2279, #1513 ) ) ;
#1086 = EDGE_CURVE ( 'NONE', #722, #2353, #2306, .T. ) ;
#1087 = DIRECTION ( 'NONE',  ( -0.000000000000000000, -1.000000000000000000, -0.000000000000000000 ) ) ;
#1088 = CARTESIAN_POINT ( 'NONE',  ( 0.5914939588631885625, 385.7193541040028890, 316.9995794413357544 ) ) ;
#1089 = ORIENTED_EDGE ( 'NONE', *, *, #1362, .T. ) ;
#1090 = CARTESIAN_POINT ( 'NONE',  ( 277.7104252471013410, 394.5458412963566275, -158.9874337250281542 ) ) ;
#1091 = CARTESIAN_POINT ( 'NONE',  ( 90.93266739736654358, 3.000000000000000000, 46.99999999999915445 ) ) ;
#1092 = CARTESIAN_POINT ( 'NONE',  ( 314.4035070647304906, 125.0926478796915688, 0.000000000000000000 ) ) ;
#1093 = CARTESIAN_POINT ( 'NONE',  ( -275.1121796283587173, 394.5457268233213313, -157.4876862908372175 ) ) ;
#1094 = ORIENTED_EDGE ( 'NONE', *, *, #2442, .T. ) ;
#1095 = CARTESIAN_POINT ( 'NONE',  ( 273.8014486274989281, 385.9205015005172186, 159.7555634588548799 ) ) ;
#1096 = CARTESIAN_POINT ( 'NONE',  ( -320.0000000000000568, 83.33333333333335702, 639.9999999999998863 ) ) ;
#1097 = ORIENTED_EDGE ( 'NONE', *, *, #1212, .F. ) ;
#1098 = ADVANCED_FACE ( 'NONE', ( #2168 ), #1601, .F. ) ;
#1099 = CARTESIAN_POINT ( 'NONE',  ( 0.000000000000000000, -8.817456953860914693E-16, -105.0000000000000000 ) ) ;
#1100 = CARTESIAN_POINT ( 'NONE',  ( -139.1954009879374610, 3.279040902431347604, 278.3908019758748082 ) ) ;
#1101 = DIRECTION ( 'NONE',  ( -0.000000000000000000, 1.000000000000000000, -0.000000000000000000 ) ) ;
#1102 = CARTESIAN_POINT ( 'NONE',  ( 275.6293334082108686, 393.5801120617828133, 162.5684892061468076 ) ) ;
#1103 = VECTOR ( 'NONE', #2293, 1000.000000000000000 ) ;
#1104 = CARTESIAN_POINT ( 'NONE',  ( -160.3217237896145662, 5.021197216058748580, -1.963374858727375612E-14 ) ) ;
#1105 = ADVANCED_FACE ( 'NONE', ( #2035 ), #235, .F. ) ;
#1106 = CIRCLE ( 'NONE', #625, 5.499999999999991118 ) ;
#1107 = EDGE_CURVE ( 'NONE', #1920, #1125, #1312, .T. ) ;
#1108 = DIRECTION ( 'NONE',  ( -0.000000000000000000, -1.000000000000000000, -0.000000000000000000 ) ) ;
#1109 = ORIENTED_EDGE ( 'NONE', *, *, #761, .F. ) ;
#1110 = AXIS2_PLACEMENT_3D ( 'NONE', #1816, #1262, #1021 ) ;
#1111 = CARTESIAN_POINT ( 'NONE',  ( 4.500000000000007994, 390.1899999999999977, 350.0000000000000000 ) ) ;
#1112 = AXIS2_PLACEMENT_3D ( 'NONE', #325, #2420, #1854 ) ;
#1113 = ORIENTED_EDGE ( 'NONE', *, *, #435, .F. ) ;
#1114 = CARTESIAN_POINT ( 'NONE',  ( -2.254250861273286333, 386.2841113248896932, 316.9920802187477307 ) ) ;
#1115 = CARTESIAN_POINT ( 'NONE',  ( 127.0462727737098589, 3.000000000000000000, 3.111736225918505859E-14 ) ) ;
#1116 = DIRECTION ( 'NONE',  ( -0.000000000000000000, 1.000000000000000000, -0.000000000000000000 ) ) ;
#1117 = FACE_BOUND ( 'NONE', #2082, .T. ) ;
#1118 = B_SPLINE_CURVE_WITH_KNOTS ( 'NONE', 3,
 ( #1357, #983, #998, #1532, #806, #1572, #1918, #1560, #408, #234, #560, #1160, #1929, #1713, #946, #2324, #2300, #419, #971, #1940, #1344, #195, #2115, #610, #1369, #1738, #1185, #2290, #1955, #1322, #2093, #182, #759, #1521 ),
 .UNSPECIFIED., .F., .F.,
 ( 4, 2, 2, 2, 2, 2, 2, 2, 2, 2, 2, 2, 2, 2, 2, 2, 4 ),
 ( 0.01406923084737486326, 0.01494835918664554064, 0.01582748752591621802, 0.01670661586518689540, 0.01758574420445756931, 0.01846487254372825015, 0.01934400088299892406, 0.02022312922226960144, 0.02110225756154027882, 0.02198138590081095620, 0.02286051424008163357, 0.02373964257935230748, 0.02461877091862298833, 0.02549789925789366224, 0.02637702759716433962, 0.02725615593643501700, 0.02813528427570569437 ),
 .UNSPECIFIED. ) ;
#1119 = CARTESIAN_POINT ( 'NONE',  ( -304.1219733709100979, 95.42234073877372680, -3.724420012390615718E-14 ) ) ;
#1120 = EDGE_CURVE ( 'NONE', #1582, #747, #1830, .T. ) ;
#1121 = ADVANCED_BREP_SHAPE_REPRESENTATION ( 'Tolva', ( #880, #827 ), #1631 ) ;
#1122 = DIRECTION ( 'NONE',  ( -0.000000000000000000, 1.000000000000000000, -0.000000000000000000 ) ) ;
#1123 = ORIENTED_EDGE ( 'NONE', *, *, #2374, .T. ) ;
#1124 = CYLINDRICAL_SURFACE ( 'NONE', #1752, 5.499999999999991118 ) ;
#1125 = VERTEX_POINT ( 'NONE', #2470 ) ;
#1126 = CARTESIAN_POINT ( 'NONE',  ( 0.000000000000000000, 0.000000000000000000, -110.4999999999999858 ) ) ;
#1127 = CARTESIAN_POINT ( 'NONE',  ( 1.448928259378296834, 385.9194630876599490, 316.9968056252209294 ) ) ;
#1128 = CARTESIAN_POINT ( 'NONE',  ( -1.450456936141865993, 394.4599091979889067, 319.9968274068806977 ) ) ;
#1129 = CARTESIAN_POINT ( 'NONE',  ( -192.0265652266533607, 10.78574458508401612, -384.0531304533067214 ) ) ;
#1130 = ADVANCED_FACE ( 'NONE', ( #910 ), #1680, .F. ) ;
#1131 = FACE_BOUND ( 'NONE', #1147, .T. ) ;
#1132 = ORIENTED_EDGE ( 'NONE', *, *, #2104, .T. ) ;
#1133 = CARTESIAN_POINT ( 'NONE',  ( -275.1540685573729093, 387.9374311744277861, 163.3715570129039065 ) ) ;
#1134 = ORIENTED_EDGE ( 'NONE', *, *, #733, .F. ) ;
#1135 = CARTESIAN_POINT ( 'NONE',  ( -275.1556523945239405, 392.4475309644364529, 163.3688878382371286 ) ) ;
#1136 = EDGE_CURVE ( 'NONE', #328, #292, #186, .T. ) ;
#1137 = CARTESIAN_POINT ( 'NONE',  ( 192.0265652266533891, 10.78574458508401612, 4.703294369121630472E-14 ) ) ;
#1138 = CARTESIAN_POINT ( 'NONE',  ( 1.166745379208932842, 394.5461962252966828, -319.9980048683145810 ) ) ;
#1139 = CARTESIAN_POINT ( 'NONE',  ( -317.0000000000000000, 150.0000000000000284, -3.882130353297109876E-14 ) ) ;
#1141 = CIRCLE ( 'NONE', #1786, 320.0000000000000000 ) ;
#1140 = DIRECTION ( 'NONE',  ( 0.000000000000000000, 0.000000000000000000, 1.000000000000000000 ) ) ;
#1142 = CARTESIAN_POINT ( 'NONE',  ( 0.000000000000000000, 0.000000000000000000, 0.000000000000000000 ) ) ;
#1143 = CARTESIAN_POINT ( 'NONE',  ( 274.6765152834074115, 394.6902479103262067, -158.2463269216302137 ) ) ;
#1144 = CARTESIAN_POINT ( 'NONE',  ( 90.93266739736543514, -8.817456953860914693E-16, -52.50000000000105871 ) ) ;
#1145 = AXIS2_PLACEMENT_3D ( 'NONE', #2375, #279, #507 ) ;
#1146 = CIRCLE ( 'NONE', #1306, 5.000000000000004441 ) ;
#1147 = EDGE_LOOP ( 'NONE', ( #1198, #1936 ) ) ;
#1148 = CYLINDRICAL_SURFACE ( 'NONE', #188, 317.0000000000000000 ) ;
#1149 = VECTOR ( 'NONE', #1087, 1000.000000000000000 ) ;
#1150 = DIRECTION ( 'NONE',  ( -0.000000000000000000, 1.000000000000000000, -0.000000000000000000 ) ) ;
#1151 = ORIENTED_EDGE ( 'NONE', *, *, #767, .F. ) ;
#1152 = DIRECTION ( 'NONE',  ( 0.000000000000000000, 0.000000000000000000, 1.000000000000000000 ) ) ;
#1153 = LINE ( 'NONE', #30, #153 ) ;
#1154 = CYLINDRICAL_SURFACE ( 'NONE', #308, 5.499999999999991118 ) ;
#1155 = CARTESIAN_POINT ( 'NONE',  ( 0.000000000000000000, 704.2053900641531072, 0.000000000000000000 ) ) ;
#1156 = CARTESIAN_POINT ( 'NONE',  ( -274.8247063900391822, 385.7191557852847836, -157.9888098610737188 ) ) ;
#1157 = CARTESIAN_POINT ( 'NONE',  ( 273.5257074025760744, 394.2328720038348138, -160.2272180249229052 ) ) ;
#1158 = CARTESIAN_POINT ( 'NONE',  ( -277.4210430715276061, 385.7187727982867500, 159.4918415385235164 ) ) ;
#1159 = VERTEX_POINT ( 'NONE', #2068 ) ;
#1160 = CARTESIAN_POINT ( 'NONE',  ( 278.2494872656257598, 386.2854390705001606, 158.0420283073960661 ) ) ;
#1161 = FACE_OUTER_BOUND ( 'NONE', #1371, .T. ) ;
#1162 = ORIENTED_EDGE ( 'NONE', *, *, #1823, .F. ) ;
#1163 = CARTESIAN_POINT ( 'NONE',  ( 4.500000000000007994, 389.8926031759462489, -316.9680583276492030 ) ) ;
#1164 = APPLICATION_CONTEXT ( 'automotive_design' ) ;
#1165 = CARTESIAN_POINT ( 'NONE',  ( 276.0049193160285199, 386.7998879782918493, -155.9176950549038168 ) ) ;
#1166 = CARTESIAN_POINT ( 'NONE',  ( 272.3701162333694583, 391.6398933330091836, -162.1836377113791059 ) ) ;
#1167 = CARTESIAN_POINT ( 'NONE',  ( -279.2796693429395418, 389.0163553831189915, 156.2141788767359856 ) ) ;
#1168 = CARTESIAN_POINT ( 'NONE',  ( 258.3333333333333712, 0.000000000000000000, 0.000000000000000000 ) ) ;
#1169 = ORIENTED_EDGE ( 'NONE', *, *, #733, .T. ) ;
#1170 = CARTESIAN_POINT ( 'NONE',  ( -275.0837042952985030, 392.1845573976195851, 163.4899641867308446 ) ) ;
#1171 = CARTESIAN_POINT ( 'NONE',  ( 4.043703504993695574, 388.1939390339683769, -319.9744694181507043 ) ) ;
#1172 = ORIENTED_EDGE ( 'NONE', *, *, #470, .F. ) ;
#1173 = EDGE_CURVE ( 'NONE', #2353, #722, #985, .T. ) ;
#1174 = CARTESIAN_POINT ( 'NONE',  ( 4.356429759635518373, 389.0248663758404177, -316.9700692352483316 ) ) ;
#1175 = CARTESIAN_POINT ( 'NONE',  ( 139.1954009879374325, 3.279040902431347160, 0.000000000000000000 ) ) ;
#1176 = CARTESIAN_POINT ( 'NONE',  ( 125.0000000000000000, 3.000000000000000000, -249.9999999999999716 ) ) ;
#1177 = CARTESIAN_POINT ( 'NONE',  ( -249.2575460202308761, 35.08542727601752631, -3.052524558969998316E-14 ) ) ;
#1178 = ADVANCED_FACE ( 'NONE', ( #1161 ), #1549, .F. ) ;
#1179 = CARTESIAN_POINT ( 'NONE',  ( 273.8003094161830973, 394.4588290047668124, -159.7575180380826509 ) ) ;
#1180 = CARTESIAN_POINT ( 'NONE',  ( -276.5425196410566855, 385.8342731233332188, 161.0103026010146721 ) ) ;
#1181 = AXIS2_PLACEMENT_3D ( 'NONE', #911, #1682, #1493 ) ;
#1182 = DIRECTION ( 'NONE',  ( 0.000000000000000000, 0.000000000000000000, -1.000000000000000000 ) ) ;
#1183 = ORIENTED_EDGE ( 'NONE', *, *, #1526, .F. ) ;
#1184 = VECTOR ( 'NONE', #829, 1000.000000000000000 ) ;
#1185 = CARTESIAN_POINT ( 'NONE',  ( 275.3239315798622897, 387.4396369810255578, 163.0851303516793678 ) ) ;
#1186 = VECTOR ( 'NONE', #330, 1000.000000000000000 ) ;
#1187 = ORIENTED_EDGE ( 'NONE', *, *, #1396, .T. ) ;
#1188 = FACE_OUTER_BOUND ( 'NONE', #1966, .T. ) ;
#1189 = CARTESIAN_POINT ( 'NONE',  ( 0.000000000000000000, 150.0000000000000284, 0.000000000000000000 ) ) ;
#1190 = AXIS2_PLACEMENT_3D ( 'NONE', #1007, #1397, #1211 ) ;
#1191 = CARTESIAN_POINT ( 'NONE',  ( 258.3333333333333712, 0.000000000000000000, 0.000000000000000000 ) ) ;
#1192 = CARTESIAN_POINT ( 'NONE',  ( -310.8318138636669232, 112.3568612975818155, -3.806591859213055568E-14 ) ) ;
#1193 = EDGE_CURVE ( 'NONE', #1055, #149, #2092, .T. ) ;
#1194 = CARTESIAN_POINT ( 'NONE',  ( 275.7461132643377368, 393.7687521983996248, -162.3703805586422106 ) ) ;
#1195 = B_SPLINE_CURVE_WITH_KNOTS ( 'NONE', 3,
 ( #676, #498, #283, #1254, #2367, #1411, #1264, #1049, #1624, #873, #313, #460, #2019, #1060, #79, #661, #1818, #1450, #687, #101, #297, #1610, #1828, #1422, #2191, #2032, #473, #1995, #1074, #1841, #886, #833, #1242, #2178 ),
 .UNSPECIFIED., .F., .F.,
 ( 4, 2, 2, 2, 2, 2, 2, 2, 2, 2, 2, 2, 2, 2, 2, 2, 4 ),
 ( 0.01406923084737494133, 0.01494835918664562391, 0.01582748752591630476, 0.01670661586518698907, 0.01758574420445766992, 0.01846487254372835424, 0.01934400088299903508, 0.02022312922226971593, 0.02110225756154040025, 0.02198138590081108110, 0.02286051424008176541, 0.02373964257935244626, 0.02461877091862312711, 0.02549789925789381143, 0.02637702759716449227, 0.02725615593643517659, 0.02813528427570585744 ),
 .UNSPECIFIED. ) ;
#1196 = CARTESIAN_POINT ( 'NONE',  ( 276.0064741949397558, 393.5773156530005394, 155.9149421156843687 ) ) ;
#1197 = DIRECTION ( 'NONE',  ( 0.8660254037844398178, 0.000000000000000000, 0.4999999999999980016 ) ) ;
#1198 = ORIENTED_EDGE ( 'NONE', *, *, #1622, .T. ) ;
#1199 = CARTESIAN_POINT ( 'NONE',  ( -273.8003094161842341, 394.4588290047668124, 159.7575180380807467 ) ) ;
#1200 = CARTESIAN_POINT ( 'NONE',  ( 0.000000000000000000, 699.2113762373492136, 0.000000000000000000 ) ) ;
#1201 = ORIENTED_EDGE ( 'NONE', *, *, #1076, .F. ) ;
#1202 = CARTESIAN_POINT ( 'NONE',  ( -4.470861808999877951, 390.7811260716547963, 316.9684760002189705 ) ) ;
#1203 = CARTESIAN_POINT ( 'NONE',  ( 279.2387169927465607, 391.6391267771761591, 156.2874009344532737 ) ) ;
#1204 = CARTESIAN_POINT ( 'NONE',  ( 131.1640497075167957, 3.040308620855203703, -262.3280994150335914 ) ) ;
#1205 = CARTESIAN_POINT ( 'NONE',  ( 276.7381634644912083, 389.6003109048467650, -154.6123932632957860 ) ) ;
#1206 = DIRECTION ( 'NONE',  ( 0.000000000000000000, 0.000000000000000000, -1.000000000000000000 ) ) ;
#1207 = EDGE_CURVE ( 'NONE', #44, #1958, #266, .T. ) ;
#1208 = CARTESIAN_POINT ( 'NONE',  ( 272.2673372396054106, 390.7814387413943109, 162.3560915484855514 ) ) ;
#1209 = CARTESIAN_POINT ( 'NONE',  ( -4.500000000000007994, 389.8928957014155117, 319.9683578105809829 ) ) ;
#1210 = ORIENTED_EDGE ( 'NONE', *, *, #320, .F. ) ;
#1211 = DIRECTION ( 'NONE',  ( 0.000000000000000000, 0.000000000000000000, -1.000000000000000000 ) ) ;
#1212 = EDGE_CURVE ( 'NONE', #1125, #534, #984, .T. ) ;
#1213 = CARTESIAN_POINT ( 'NONE',  ( -273.9447025997395713, 385.8340600301260679, 159.5098216450322752 ) ) ;
#1214 = EDGE_CURVE ( 'NONE', #2065, #722, #2106, .T. ) ;
#1215 = VERTEX_POINT ( 'NONE', #1334 ) ;
#1216 = CARTESIAN_POINT ( 'NONE',  ( 4.043835622709635480, 388.1938913606230699, -316.9742263444589980 ) ) ;
#1217 = FACE_OUTER_BOUND ( 'NONE', #1856, .T. ) ;
#1218 = EDGE_CURVE ( 'NONE', #170, #1534, #1370, .T. ) ;
#1219 = CARTESIAN_POINT ( 'NONE',  ( -316.8828954391833577, 143.8969930750951676, -3.880696236041413163E-14 ) ) ;
#1220 = CARTESIAN_POINT ( 'NONE',  ( 3.578270546236774319, 392.9344293623108229, 319.9800345578480005 ) ) ;
#1221 = CARTESIAN_POINT ( 'NONE',  ( 276.3021709925189384, 387.4466256732782767, -155.3902731183637513 ) ) ;
#1222 = CARTESIAN_POINT ( 'NONE',  ( 273.5284662848227981, 394.2356198402565042, 160.2225097029496510 ) ) ;
#1223 = CARTESIAN_POINT ( 'NONE',  ( 0.000000000000000000, 704.2053900641531072, 197.2954308275950837 ) ) ;
#1224 = ORIENTED_EDGE ( 'NONE', *, *, #42, .F. ) ;
#1225 = CARTESIAN_POINT ( 'NONE',  ( -272.3258762726554778, 391.3554265736014486, 162.2578824610432662 ) ) ;
#1226 = CARTESIAN_POINT ( 'NONE',  ( 0.000000000000000000, 700.0000000000000000, 199.9999999999999432 ) ) ;
#1227 = ORIENTED_EDGE ( 'NONE', *, *, #208, .F. ) ;
#1228 = DIRECTION ( 'NONE',  ( -0.000000000000000000, 1.000000000000000000, -0.000000000000000000 ) ) ;
#1229 = DIRECTION ( 'NONE',  ( 0.000000000000000000, 0.000000000000000000, 1.000000000000000000 ) ) ;
#1230 = AXIS2_PLACEMENT_3D ( 'NONE', #814, #51, #841 ) ;
#1231 = CARTESIAN_POINT ( 'NONE',  ( -249.2575460202309046, 35.08542727601752631, 498.5150920404615817 ) ) ;
#1232 = AXIS2_PLACEMENT_3D ( 'NONE', #1200, #1150, #1919 ) ;
#1233 = CARTESIAN_POINT ( 'NONE',  ( -0.2969000434363673890, 394.6900000000001683, -317.0000000000000568 ) ) ;
#1234 = CIRCLE ( 'NONE', #310, 5.499999999999991118 ) ;
#1235 = CARTESIAN_POINT ( 'NONE',  ( 3.918869766628437441E-14, 394.6899999999999977, -320.0000000000000000 ) ) ;
#1236 = CARTESIAN_POINT ( 'NONE',  ( -279.2387169927455375, 391.6391267771761591, -156.2874009344552348 ) ) ;
#1237 = CARTESIAN_POINT ( 'NONE',  ( -275.6513467308349732, 394.0945607926249750, -156.5419909180486968 ) ) ;
#1238 = ORIENTED_EDGE ( 'NONE', *, *, #1173, .T. ) ;
#1239 = DIRECTION ( 'NONE',  ( -0.000000000000000000, 1.000000000000000000, -0.000000000000000000 ) ) ;
#1240 = CARTESIAN_POINT ( 'NONE',  ( -300.8588913245539516, 390.1899999999999977, -178.8971143170292919 ) ) ;
#1241 = ORIENTED_EDGE ( 'NONE', *, *, #2331, .T. ) ;
#1242 = CARTESIAN_POINT ( 'NONE',  ( 279.3507262711503927, 389.8927377382709096, -156.0870645882637291 ) ) ;
#1243 = CARTESIAN_POINT ( 'NONE',  ( -4.269850543308631785, 388.7393637341374415, -319.9715314844334557 ) ) ;
#1244 = CARTESIAN_POINT ( 'NONE',  ( 249.2575460202308761, 35.08542727601752631, 6.105049117939996631E-14 ) ) ;
#1245 = CARTESIAN_POINT ( 'NONE',  ( -2.975413821554982796, 393.5786671527633871, -316.9861037462407012 ) ) ;
#1246 = B_SPLINE_CURVE_WITH_KNOTS ( 'NONE', 3,
 ( #912, #1467, #2232, #2435, #564, #155, #718, #166, #2244, #1102, #1869, #1683, #2268, #2071, #1317, #2449, #729, #356, #1883, #926, #1694, #2461, #740, #552, #1759, #590, #387, #1933, #1770, #1203, #1385, #1960, #989, #1576 ),
 .UNSPECIFIED., .F., .F.,
 ( 4, 2, 2, 2, 2, 2, 2, 2, 2, 2, 2, 2, 2, 2, 2, 2, 4 ),
 ( 0.000000000000000000, 0.0008793269279609289540, 0.001758653855921857908, 0.002637980783882786645, 0.003517307711843715816, 0.004396634639804644987, 0.005275961567765573290, 0.006155288495726502461, 0.007034615423687431632, 0.007913942351648359935, 0.008793269279609289973, 0.009672596207570218277, 0.01055192313553114658, 0.01143125006349207662, 0.01231057699145300492, 0.01318990391941393496, 0.01406923084737486326 ),
 .UNSPECIFIED. ) ;
#1247 = DIRECTION ( 'NONE',  ( -1.000000000000000000, 0.000000000000000000, 0.000000000000000000 ) ) ;
#1248 = CARTESIAN_POINT ( 'NONE',  ( 275.5236948885788593, 394.2328720038348138, 156.7666021862793855 ) ) ;
#1249 = CARTESIAN_POINT ( 'NONE',  ( 1.995617512032572538, 386.1459448417080580, 319.9938931346061963 ) ) ;
#1250 = ORIENTED_EDGE ( 'NONE', *, *, #919, .T. ) ;
#1251 = DIRECTION ( 'NONE',  ( 0.000000000000000000, -0.000000000000000000, -1.000000000000000000 ) ) ;
#1252 = CARTESIAN_POINT ( 'NONE',  ( -4.500000000000009770, 390.4836308368556388, -319.9683578105810966 ) ) ;
#1253 = ORIENTED_EDGE ( 'NONE', *, *, #213, .T. ) ;
#1254 = CARTESIAN_POINT ( 'NONE',  ( 274.9241954762044315, 389.0245738000771212, -163.7580228573741579 ) ) ;
#1255 = CARTESIAN_POINT ( 'NONE',  ( -0.2968998358168970508, 385.6900000000000546, -320.0000000000000000 ) ) ;
#1256 = CARTESIAN_POINT ( 'NONE',  ( -271.5106749471391936, 51.71458988864115014, 543.0213498942781598 ) ) ;
#1257 = DIRECTION ( 'NONE',  ( -0.000000000000000000, -1.000000000000000000, -0.000000000000000000 ) ) ;
#1258 = CARTESIAN_POINT ( 'NONE',  ( -4.500000000000007994, 390.1899999999999977, -316.9680583276492030 ) ) ;
#1259 = CARTESIAN_POINT ( 'NONE',  ( -277.8523260499677576, 385.9211709607480998, -158.7392796841028257 ) ) ;
#1260 = CARTESIAN_POINT ( 'NONE',  ( -275.5236948885777792, 394.2328720038348138, -156.7666021862812613 ) ) ;
#1261 = CARTESIAN_POINT ( 'NONE',  ( 272.8198969508798655, 387.2150158423789321, 161.4259797727514751 ) ) ;
#1262 = DIRECTION ( 'NONE',  ( -0.000000000000000000, 1.000000000000000000, -0.000000000000000000 ) ) ;
#1263 = VERTEX_POINT ( 'NONE', #384 ) ;
#1264 = CARTESIAN_POINT ( 'NONE',  ( 275.1540685573718292, 387.9374311744277861, -163.3715570129058392 ) ) ;
#1265 = CARTESIAN_POINT ( 'NONE',  ( 0.2965846796272174068, 394.6900000000000546, -317.0000000000000568 ) ) ;
#1266 = CARTESIAN_POINT ( 'NONE',  ( 0.000000000000000000, 390.1899999999999977, -350.0000000000000000 ) ) ;
#1267 = CARTESIAN_POINT ( 'NONE',  ( -4.470808348897098661, 390.7798214053031529, 319.9687721386913495 ) ) ;
#1268 = CARTESIAN_POINT ( 'NONE',  ( 2.416172178494123909E-14, 704.2053900641531072, -197.2954308275950837 ) ) ;
#1270 = DIRECTION ( 'NONE',  ( 1.224646799147355426E-16, 0.000000000000000000, -1.000000000000000000 ) ) ;
#1269 = AXIS2_PLACEMENT_3D ( 'NONE', #247, #2365, #1585 ) ;
#1271 = AXIS2_PLACEMENT_3D ( 'NONE', #2395, #2408, #1229 ) ;
#1272 = B_SPLINE_CURVE_WITH_KNOTS ( 'NONE', 3,
 ( #1495, #541, #866, #1645, #2061, #915, #902, #705, #892, #1685, #2414, #694, #1672, #106, #158, #2452, #1633, #2256 ),
 .UNSPECIFIED., .F., .F.,
 ( 4, 2, 2, 2, 2, 2, 2, 2, 4 ),
 ( 0.007036210240541997119, 0.007915338227675622340, 0.008794466214809245827, 0.009673594201942871049, 0.01055272218907649454, 0.01143185017621011976, 0.01231097816334374498, 0.01319010615047737020, 0.01406923413761099369 ),
 .UNSPECIFIED. ) ;
#1273 = EDGE_CURVE ( 'NONE', #1817, #869, #824, .T. ) ;
#1274 = CARTESIAN_POINT ( 'NONE',  ( -274.3835968114112802, 394.6902479103262067, -158.7536765976027766 ) ) ;
#1275 = EDGE_LOOP ( 'NONE', ( #359, #1541 ) ) ;
#1276 = CARTESIAN_POINT ( 'NONE',  ( 275.8917592071931608, 386.6112478907879222, 156.1178934803789105 ) ) ;
#1277 = CARTESIAN_POINT ( 'NONE',  ( -272.8198969508787854, 387.2150158423789321, -161.4259797727533225 ) ) ;
#1278 = ORIENTED_EDGE ( 'NONE', *, *, #2413, .F. ) ;
#1279 = CARTESIAN_POINT ( 'NONE',  ( -279.3507262711515295, 390.1899999999999977, 156.0870645882618533 ) ) ;
#1280 = CARTESIAN_POINT ( 'NONE',  ( 131.1640497075167957, 3.040308620855203259, 3.212592672750295623E-14 ) ) ;
#1281 = CARTESIAN_POINT ( 'NONE',  ( -4.356429818147842248, 391.3551333924810365, 319.9703498614738351 ) ) ;
#1282 = CARTESIAN_POINT ( 'NONE',  ( -304.1219733709100410, 95.42234073877372680, -608.2439467418200820 ) ) ;
#1283 = CARTESIAN_POINT ( 'NONE',  ( -276.2101551151733929, 393.1621553760975303, -155.5538272872480263 ) ) ;
#1284 = EDGE_CURVE ( 'NONE', #1531, #197, #151, .T. ) ;
#1285 = VERTEX_POINT ( 'NONE', #2138 ) ;
#1286 = CARTESIAN_POINT ( 'NONE',  ( 276.6404073257808136, 388.7408729784943944, 154.7872662503767458 ) ) ;
#1287 = CARTESIAN_POINT ( 'NONE',  ( -276.6819206682160370, 389.0214294073224437, -154.7130184667344110 ) ) ;
#1288 = EDGE_LOOP ( 'NONE', ( #1878, #1319 ) ) ;
#1289 = CARTESIAN_POINT ( 'NONE',  ( 3.574844021622573198, 392.9391204084918172, -316.9798849782855541 ) ) ;
#1290 = ADVANCED_FACE ( 'NONE', ( #1993 ), #1790, .T. ) ;
#1291 = CARTESIAN_POINT ( 'NONE',  ( -174.8739957108789440, 7.128835295609106559, 349.7479914217577175 ) ) ;
#1292 = ORIENTED_EDGE ( 'NONE', *, *, #1354, .T. ) ;
#1293 = DIRECTION ( 'NONE',  ( -0.000000000000000000, 1.000000000000000000, -0.000000000000000000 ) ) ;
#1294 = CARTESIAN_POINT ( 'NONE',  ( -192.0265652266533891, 10.78574458508401612, -2.351647184560815236E-14 ) ) ;
#1295 = DIRECTION ( 'NONE',  ( -0.000000000000000000, 1.000000000000000000, -0.000000000000000000 ) ) ;
#1296 = DIRECTION ( 'NONE',  ( -0.000000000000000000, 1.000000000000000000, -0.000000000000000000 ) ) ;
#1297 = EDGE_LOOP ( 'NONE', ( #924, #2041 ) ) ;
#1298 = DIRECTION ( 'NONE',  ( 0.000000000000000000, 0.000000000000000000, -1.000000000000000000 ) ) ;
#1299 = ORIENTED_EDGE ( 'NONE', *, *, #741, .F. ) ;
#1300 = CARTESIAN_POINT ( 'NONE',  ( -279.1280345991304443, 392.1856892247493533, 156.4849930919386338 ) ) ;
#1302 = ADVANCED_FACE ( 'NONE', ( #2188 ), #1420, .F. ) ;
#1301 = CARTESIAN_POINT ( 'NONE',  ( 1.168487704600399857, 385.8344086147841949, 316.9979777026521788 ) ) ;
#1303 = CARTESIAN_POINT ( 'NONE',  ( -0.5856641492949917760, 394.6615475886347895, 319.9995959559732341 ) ) ;
#1304 = CARTESIAN_POINT ( 'NONE',  ( -292.0422696846607096, 74.70096701306968612, -3.576486307850478571E-14 ) ) ;
#1305 = AXIS2_PLACEMENT_3D ( 'NONE', #1155, #1122, #1140 ) ;
#1306 = AXIS2_PLACEMENT_3D ( 'NONE', #1268, #93, #1592 ) ;
#1307 = CARTESIAN_POINT ( 'NONE',  ( 7.332110811570579794E-13, 0.000000000000000000, 99.50000000000000000 ) ) ;
#1308 = ORIENTED_EDGE ( 'NONE', *, *, #741, .T. ) ;
#1309 = AXIS2_PLACEMENT_3D ( 'NONE', #1861, #1677, #1298 ) ;
#1310 = CARTESIAN_POINT ( 'NONE',  ( 276.3015375112572087, 387.4450409166618101, 155.3913991414551674 ) ) ;
#1311 = VERTEX_POINT ( 'NONE', #281 ) ;
#1312 = B_SPLINE_CURVE_WITH_KNOTS ( 'NONE', 3,
 ( #702, #164, #1088, #1301, #1127, #1653, #923, #738, #2081, #1667, #152, #363, #1893, #2433, #716, #2264, #1702, #1481 ),
 .UNSPECIFIED., .F., .F.,
 ( 4, 2, 2, 2, 2, 2, 2, 2, 4 ),
 ( 0.007036210240542036150, 0.007915338227675655300, 0.008794466214809275317, 0.009673594201942895335, 0.01055272218907651535, 0.01143185017621013363, 0.01231097816334375539, 0.01319010615047737367, 0.01406923413761099369 ),
 .UNSPECIFIED. ) ;
#1313 = CARTESIAN_POINT ( 'NONE',  ( 4.354542232274194014, 391.3630291109363952, -316.9700953483844614 ) ) ;
#1314 = CARTESIAN_POINT ( 'NONE',  ( -148.9930312403102732, 3.868073794247531172, -1.824638388037075731E-14 ) ) ;
#1315 = ORIENTED_EDGE ( 'NONE', *, *, #1218, .F. ) ;
#1316 = FACE_OUTER_BOUND ( 'NONE', #2276, .T. ) ;
#1317 = CARTESIAN_POINT ( 'NONE',  ( 276.5423691119193563, 394.5458412963566275, 161.0105662972556502 ) ) ;
#1318 = CARTESIAN_POINT ( 'NONE',  ( 304.1219733709100979, 95.42234073877372680, 0.000000000000000000 ) ) ;
#1319 = ORIENTED_EDGE ( 'NONE', *, *, #1651, .T. ) ;
#1320 = CARTESIAN_POINT ( 'NONE',  ( -274.9241954762056253, 389.0245738000771212, 163.7580228573721683 ) ) ;
#1321 = ORIENTED_EDGE ( 'NONE', *, *, #1701, .F. ) ;
#1322 = CARTESIAN_POINT ( 'NONE',  ( 274.9694464007985175, 388.7342411116208041, 163.6820582398468673 ) ) ;
#1323 = CARTESIAN_POINT ( 'NONE',  ( 174.8739957108788872, 7.128835295609105671, 4.283177582028716228E-14 ) ) ;
#1324 = CARTESIAN_POINT ( 'NONE',  ( 0.5856641492950267480, 394.6615475886347895, -319.9995959559732341 ) ) ;
#1325 = CARTESIAN_POINT ( 'NONE',  ( -174.8739957108788872, 7.128835295609105671, -2.141588791014358114E-14 ) ) ;
#1326 = CARTESIAN_POINT ( 'NONE',  ( -303.1088913245527579, 390.1899999999999977, 175.0000000000014211 ) ) ;
#1327 = CARTESIAN_POINT ( 'NONE',  ( -273.5281153812406387, 386.1448821310760309, -160.2231051457930278 ) ) ;
#1328 = EDGE_LOOP ( 'NONE', ( #756, #1486 ) ) ;
#1329 = CARTESIAN_POINT ( 'NONE',  ( -320.0000000000000000, 83.33333333333335702, -3.918869757271530421E-14 ) ) ;
#1330 = ORIENTED_EDGE ( 'NONE', *, *, #2283, .T. ) ;
#1331 = EDGE_CURVE ( 'NONE', #1048, #2292, #2228, .T. ) ;
#1332 = FACE_OUTER_BOUND ( 'NONE', #897, .T. ) ;
#1333 = B_SPLINE_CURVE_WITH_KNOTS ( 'NONE', 3,
 ( #1642, #2410, #1267, #1281, #373, #2108, #386, #2083, #17, #529, #174, #925, #935, #1128, #1716, #1303, #2267, #2254 ),
 .UNSPECIFIED., .F., .F.,
 ( 4, 2, 2, 2, 2, 2, 2, 2, 4 ),
 ( 0.000000000000000000, 0.0008795260726632533931, 0.001759052145326506786, 0.002638578217989759854, 0.003518104290653013572, 0.004397630363316267291, 0.005277156435979519708, 0.006156682508642774727, 0.007036208581306028879 ),
 .UNSPECIFIED. ) ;
#1334 = CARTESIAN_POINT ( 'NONE',  ( 90.93266739736654358, 3.000000000000000000, 57.99999999999913314 ) ) ;
#1335 = CARTESIAN_POINT ( 'NONE',  ( 1.992208427218276956, 394.2356217649694372, -319.9939131942595054 ) ) ;
#1336 = CARTESIAN_POINT ( 'NONE',  ( -148.9930312403102732, 3.868073794247531172, -1.824638388037075731E-14 ) ) ;
#1337 = B_SPLINE_CURVE_WITH_KNOTS ( 'NONE', 3,
 ( #1599, #1806, #273, #1638, #1037, #115, #90, #486, #2407, #846, #2149, #1005, #1787, #1988, #981, #2162, #1209, #2311 ),
 .UNSPECIFIED., .F., .F.,
 ( 4, 2, 2, 2, 2, 2, 2, 2, 4 ),
 ( 0.02110599486411464040, 0.02198465604056355771, 0.02286331721701247502, 0.02374197839346139233, 0.02462063956991030964, 0.02549930074635922694, 0.02637796192280814425, 0.02725662309925706156, 0.02813528427570597887 ),
 .UNSPECIFIED. ) ;
#1338 = FACE_OUTER_BOUND ( 'NONE', #532, .T. ) ;
#1339 = CARTESIAN_POINT ( 'NONE',  ( -276.2100533733805037, 387.2172377992587258, -155.5540117122884567 ) ) ;
#1340 = CARTESIAN_POINT ( 'NONE',  ( 276.0039808405706481, 393.5817977646335635, -155.9193566158779731 ) ) ;
#1341 = CARTESIAN_POINT ( 'NONE',  ( -279.2375437798314124, 388.7342411116208041, 156.2894967277104286 ) ) ;
#1342 = VECTOR ( 'NONE', #644, 1000.000000000000000 ) ;
#1343 = ORIENTED_EDGE ( 'NONE', *, *, #2171, .F. ) ;
#1344 = CARTESIAN_POINT ( 'NONE',  ( 276.4020457327263784, 385.9186694644123463, 161.2513057262862048 ) ) ;
#1345 = CIRCLE ( 'NONE', #749, 5.499999999999991118 ) ;
#1346 = DIRECTION ( 'NONE',  ( -0.000000000000000000, 1.000000000000000000, -0.000000000000000000 ) ) ;
#1347 = VERTEX_POINT ( 'NONE', #1226 ) ;
#1348 = CARTESIAN_POINT ( 'NONE',  ( -90.93266739736617410, 3.000000000000000000, -46.99999999999980105 ) ) ;
#1349 = CARTESIAN_POINT ( 'NONE',  ( 304.1219733709100979, 95.42234073877372680, 0.000000000000000000 ) ) ;
#1350 = CARTESIAN_POINT ( 'NONE',  ( 125.0000000000000000, 3.000000000000000000, 0.000000000000000000 ) ) ;
#1351 = CARTESIAN_POINT ( 'NONE',  ( 274.8232556310858286, 385.7186464254741054, -157.9913369072752403 ) ) ;
#1352 = ORIENTED_EDGE ( 'NONE', *, *, #1469, .F. ) ;
#1353 = CARTESIAN_POINT ( 'NONE',  ( -279.1276387418427589, 388.1929548062022945, 156.4856988162098617 ) ) ;
#1354 = EDGE_CURVE ( 'NONE', #1023, #905, #458, .T. ) ;
#1355 = CARTESIAN_POINT ( 'NONE',  ( -2.794460870654912219E-23, 394.6899999999999977, 317.0000000000000000 ) ) ;
#1356 = ORIENTED_EDGE ( 'NONE', *, *, #761, .T. ) ;
#1357 = CARTESIAN_POINT ( 'NONE',  ( 279.3507262711535759, 390.1899999999999977, 156.0870645882579595 ) ) ;
#1358 = CARTESIAN_POINT ( 'NONE',  ( 1.994903061230678176, 386.1455626743384073, -319.9938979355707147 ) ) ;
#1359 = ORIENTED_EDGE ( 'NONE', *, *, #616, .T. ) ;
#1360 = CARTESIAN_POINT ( 'NONE',  ( -2.253261956855463488, 394.0962812508877278, 316.9920858281678306 ) ) ;
#1361 = DIRECTION ( 'NONE',  ( 0.000000000000000000, -0.9015230574682904230, -0.4327310675847362287 ) ) ;
#1362 = EDGE_CURVE ( 'NONE', #1006, #2260, #34, .T. ) ;
#1363 = CARTESIAN_POINT ( 'NONE',  ( -125.0000000000000000, 0.000000000000000000, -1.530808498934191561E-14 ) ) ;
#1364 = EDGE_CURVE ( 'NONE', #960, #2338, #434, .T. ) ;
#1365 = CARTESIAN_POINT ( 'NONE',  ( 276.7523906999700216, 389.8926705139306819, -154.5869148467978107 ) ) ;
#1366 = ORIENTED_EDGE ( 'NONE', *, *, #695, .F. ) ;
#1367 = CARTESIAN_POINT ( 'NONE',  ( -274.9684257753958150, 388.7401068985097368, 163.6837725152727785 ) ) ;
#1368 = FACE_OUTER_BOUND ( 'NONE', #1378, .T. ) ;
#1369 = CARTESIAN_POINT ( 'NONE',  ( 275.6303030233616482, 386.7982021110378241, 162.5668455207439536 ) ) ;
#1370 = LINE ( 'NONE', #2153, #1992 ) ;
#1371 = EDGE_LOOP ( 'NONE', ( #100, #2319, #634, #1132 ) ) ;
#1372 = CARTESIAN_POINT ( 'NONE',  ( 125.0000000000000000, 3.000000000000002665, 0.000000000000000000 ) ) ;
#1373 = CARTESIAN_POINT ( 'NONE',  ( 148.9930312403102732, 3.868073794247531172, 0.000000000000000000 ) ) ;
#1374 = CARTESIAN_POINT ( 'NONE',  ( -272.2523906999722385, 390.1899999999999977, -162.3811434808539502 ) ) ;
#1375 = ORIENTED_EDGE ( 'NONE', *, *, #2159, .F. ) ;
#1376 = CARTESIAN_POINT ( 'NONE',  ( -277.4227859158495448, 394.6608442333686639, -159.4888119535427506 ) ) ;
#1377 = FACE_OUTER_BOUND ( 'NONE', #2302, .T. ) ;
#1378 = EDGE_LOOP ( 'NONE', ( #2315, #1000, #1954, #1446 ) ) ;
#1379 = CIRCLE ( 'NONE', #666, 199.9999999999999432 ) ;
#1380 = CARTESIAN_POINT ( 'NONE',  ( -276.7381683599438702, 390.7814387413941972, 154.6123848959991278 ) ) ;
#1381 = AXIS2_PLACEMENT_3D ( 'NONE', #1714, #2301, #972 ) ;
#1382 = CARTESIAN_POINT ( 'NONE',  ( 4.269850472659852514, 391.6406364738735419, 316.9712620430130983 ) ) ;
#1383 = VERTEX_POINT ( 'NONE', #2017 ) ;
#1384 = CARTESIAN_POINT ( 'NONE',  ( -3.574844021622547441, 392.9391204084918172, 316.9798849782854973 ) ) ;
#1385 = CARTESIAN_POINT ( 'NONE',  ( 279.2802398417019845, 391.3585703432729588, 156.2131586700923549 ) ) ;
#1386 = CIRCLE ( 'NONE', #354, 5.499999999999991118 ) ;
#1387 = EDGE_CURVE ( 'NONE', #2113, #1520, #1782, .T. ) ;
#1388 = CARTESIAN_POINT ( 'NONE',  ( -319.9999999999999432, 83.33333333333335702, -639.9999999999998863 ) ) ;
#1389 = PRODUCT ( 'Tolva', 'Tolva', '', ( #304 ) ) ;
#1390 = CARTESIAN_POINT ( 'NONE',  ( -228.2936883607636105, 23.87575321960808239, -2.795791347165525117E-14 ) ) ;
#1391 = CARTESIAN_POINT ( 'NONE',  ( 277.8512027998209533, 394.4594985851111346, -158.7412436301114269 ) ) ;
#1392 = CARTESIAN_POINT ( 'NONE',  ( 276.2101551151744729, 393.1621553760975303, 155.5538272872461789 ) ) ;
#1393 = EDGE_CURVE ( 'NONE', #393, #1073, #1426, .T. ) ;
#1394 = CYLINDRICAL_SURFACE ( 'NONE', #1788, 5.499999999999991118 ) ;
#1395 = ORIENTED_EDGE ( 'NONE', *, *, #2442, .F. ) ;
#1396 = EDGE_CURVE ( 'NONE', #24, #321, #1706, .T. ) ;
#1397 = DIRECTION ( 'NONE',  ( -0.000000000000000000, -1.000000000000000000, -0.000000000000000000 ) ) ;
#1398 = CARTESIAN_POINT ( 'NONE',  ( -274.2346760483785602, 385.7191557852847836, 159.0107723908372463 ) ) ;
#1399 = ORIENTED_EDGE ( 'NONE', *, *, #952, .F. ) ;
#1400 = CARTESIAN_POINT ( 'NONE',  ( 0.000000000000000000, 699.2113762373492136, 0.000000000000000000 ) ) ;
#1401 = DIRECTION ( 'NONE',  ( -0.8660254037844432595, 0.000000000000000000, -0.4999999999999919509 ) ) ;
#1402 = CARTESIAN_POINT ( 'NONE',  ( 316.1768662589612404, 135.6029410036696845, 7.744099744569553117E-14 ) ) ;
#1403 = CARTESIAN_POINT ( 'NONE',  ( -1.164729679795805994, 394.5465460999703282, -316.9979908850387460 ) ) ;
#1404 = CARTESIAN_POINT ( 'NONE',  ( -127.0462727737098589, 3.000000000000000000, -1.555868112959252930E-14 ) ) ;
#1405 = CARTESIAN_POINT ( 'NONE',  ( 273.8039434478587850, 394.4613303756572691, 159.7512911873983796 ) ) ;
#1406 = CARTESIAN_POINT ( 'NONE',  ( 0.000000000000000000, 3.000000000000000000, -105.0000000000000000 ) ) ;
#1407 = ORIENTED_EDGE ( 'NONE', *, *, #1916, .F. ) ;
#1408 = LINE ( 'NONE', #1111, #1874 ) ;
#1409 = CARTESIAN_POINT ( 'NONE',  ( -276.2089477894362517, 387.2150158423789321, 155.5559715309376259 ) ) ;
#1410 = ORIENTED_EDGE ( 'NONE', *, *, #1622, .F. ) ;
#1411 = CARTESIAN_POINT ( 'NONE',  ( 275.0830019335106158, 388.1985457222194782, -163.4911453427344270 ) ) ;
#1412 = CARTESIAN_POINT ( 'NONE',  ( 7.332110811570579794E-13, 3.000000000000000000, 99.50000000000000000 ) ) ;
#1413 = CARTESIAN_POINT ( 'NONE',  ( 292.0422696846607096, 74.70096701306968612, 7.152972615700957141E-14 ) ) ;
#1414 = LINE ( 'NONE', #849, #349 ) ;
#1415 = DIRECTION ( 'NONE',  ( -1.000000000000000000, 0.000000000000000000, 0.000000000000000000 ) ) ;
#1416 = CARTESIAN_POINT ( 'NONE',  ( 274.8259649525097643, 394.6604450016369015, 157.9866187404153948 ) ) ;
#1417 = CARTESIAN_POINT ( 'NONE',  ( -273.3976584526243983, 394.0975337670343492, -160.4455674683225936 ) ) ;
#1418 = CARTESIAN_POINT ( 'NONE',  ( -275.8898996183211807, 393.7716869984235473, 156.1211806777110951 ) ) ;
#1419 = AXIS2_PLACEMENT_3D ( 'NONE', #63, #249, #2354 ) ;
#1420 = CYLINDRICAL_SURFACE ( 'NONE', #1871, 5.499999999999991118 ) ;
#1421 = EDGE_LOOP ( 'NONE', ( #333, #758 ) ) ;
#1422 = CARTESIAN_POINT ( 'NONE',  ( 278.4880711121437571, 386.6083128463777712, -157.6212359289307585 ) ) ;
#1423 = DIRECTION ( 'NONE',  ( 1.000000000000000000, 0.000000000000000000, 0.000000000000000000 ) ) ;
#1424 = AXIS2_PLACEMENT_3D ( 'NONE', #1142, #124, #2418 ) ;
#1425 = CARTESIAN_POINT ( 'NONE',  ( -317.0000000000000568, 147.9576209620995826, 633.9999999999998863 ) ) ;
#1426 = CIRCLE ( 'NONE', #667, 317.0000000000000000 ) ;
#1427 = CARTESIAN_POINT ( 'NONE',  ( -320.0000000000000568, 150.0000000000000284, 639.9999999999998863 ) ) ;
#1428 = CIRCLE ( 'NONE', #1309, 5.499999999999991118 ) ;
#1429 = CARTESIAN_POINT ( 'NONE',  ( -279.2807056060995023, 389.0245738000771212, -156.2123259687074608 ) ) ;
#1430 = CARTESIAN_POINT ( 'NONE',  ( -278.1191448498323098, 394.2355599520954570, -158.2713350021174392 ) ) ;
#1431 = CARTESIAN_POINT ( 'NONE',  ( 4.269850543308630009, 388.7393637341374415, 319.9715314844334557 ) ) ;
#1432 = B_SPLINE_CURVE_WITH_KNOTS ( 'NONE', 3,
 ( #2285, #1537, #2332, #2158, #2170, #1192, #241, #2343, #2121, #1177, #1390, #442, #1732, #403, #1962, #629, #642, #1947, #1404, #454 ),
 .UNSPECIFIED., .F., .F.,
 ( 4, 1, 1, 1, 1, 1, 1, 1, 1, 1, 1, 1, 1, 1, 1, 1, 1, 4 ),
 ( 0.000000000000000000, 0.03125000000000000000, 0.06250000000000000000, 0.1250000000000000000, 0.1875000000000000000, 0.2500000000000000000, 0.3750000000000000000, 0.5000000000000000000, 0.6250000000000000000, 0.6875000000000000000, 0.7500000000000000000, 0.8125000000000000000, 0.8750000000000000000, 0.9062500000000000000, 0.9375000000000000000, 0.9687500000000000000, 0.9843750000000000000, 1.000000000000000000 ),
 .UNSPECIFIED. ) ;
#1433 = CARTESIAN_POINT ( 'NONE',  ( -276.0039808405717849, 393.5817977646335635, 155.9193566158760405 ) ) ;
#1434 = CARTESIAN_POINT ( 'NONE',  ( -4.470584282121218500, 390.7818304467375015, -319.9687753218364605 ) ) ;
#1435 = ORIENTED_EDGE ( 'NONE', *, *, #42, .T. ) ;
#1436 = DIRECTION ( 'NONE',  ( -0.000000000000000000, -1.000000000000000000, -0.000000000000000000 ) ) ;
#1437 = CARTESIAN_POINT ( 'NONE',  ( -310.8318138636669232, 112.3568612975818155, -3.806591859213055568E-14 ) ) ;
#1438 = CARTESIAN_POINT ( 'NONE',  ( 278.2489223163109955, 394.0953426832020909, -158.0430249926880322 ) ) ;
#1439 = CARTESIAN_POINT ( 'NONE',  ( 2.744552984525985728, 393.7681827615440397, 319.9883229848913402 ) ) ;
#1440 = EDGE_CURVE ( 'NONE', #905, #656, #793, .T. ) ;
#1441 = CARTESIAN_POINT ( 'NONE',  ( 0.000000000000000000, 390.1899999999999977, 350.0000000000000000 ) ) ;
#1442 = ADVANCED_FACE ( 'NONE', ( #1734 ), #669, .F. ) ;
#1443 = B_SPLINE_CURVE_WITH_KNOTS ( 'NONE', 3,
 ( #1509, #795, #608, #1320, #1367, #378, #1133, #1698, #2275, #38, #1900, #745, #368, #781, #1180, #1736, #1542, #394, #1158, #180, #2114, #193, #3, #203, #2288, #1557, #941, #1711, #1353, #1341, #1167, #416, #570, #2320 ),
 .UNSPECIFIED., .F., .F.,
 ( 4, 2, 2, 2, 2, 2, 2, 2, 2, 2, 2, 2, 2, 2, 2, 2, 4 ),
 ( 0.01406923084737505235, 0.01494835918664574187, 0.01582748752591642966, 0.01670661586518711744, 0.01758574420445780870, 0.01846487254372849648, 0.01934400088299918427, 0.02022312922226987553, 0.02110225756154056331, 0.02198138590081125110, 0.02286051424008193889, 0.02373964257935262667, 0.02461877091862331793, 0.02549789925789400571, 0.02637702759716469697, 0.02725615593643538476, 0.02813528427570607254 ),
 .UNSPECIFIED. ) ;
#1444 = CARTESIAN_POINT ( 'NONE',  ( 0.000000000000000000, 0.000000000000000000, 0.000000000000000000 ) ) ;
#1445 = CARTESIAN_POINT ( 'NONE',  ( -273.0321141913594261, 393.5817977646335635, -161.0667806456312121 ) ) ;
#1446 = ORIENTED_EDGE ( 'NONE', *, *, #2283, .F. ) ;
#1447 = CARTESIAN_POINT ( 'NONE',  ( 272.3258842475029269, 389.0251247258512990, 162.2578689528465077 ) ) ;
#1448 = CARTESIAN_POINT ( 'NONE',  ( -276.4621446378706082, 387.9358221490450660, 155.1054778439756205 ) ) ;
#1449 = ORIENTED_EDGE ( 'NONE', *, *, #2456, .F. ) ;
#1450 = CARTESIAN_POINT ( 'NONE',  ( 277.2745913016341888, 385.6897520822676029, -159.7463271903579027 ) ) ;
#1451 = LINE ( 'NONE', #649, #2150 ) ;
#1452 = CARTESIAN_POINT ( 'NONE',  ( 210.9703240350001181, 16.66110728174800215, 421.9406480700004067 ) ) ;
#1453 = CARTESIAN_POINT ( 'NONE',  ( 276.7523906999700216, 390.1899999999999977, -154.5869148467978107 ) ) ;
#1454 = CARTESIAN_POINT ( 'NONE',  ( 4.270601372304504650, 391.6388107875085325, 319.9715217187041389 ) ) ;
#1455 = EDGE_CURVE ( 'NONE', #958, #393, #2023, .T. ) ;
#1456 = DIRECTION ( 'NONE',  ( 1.000000000000000000, 0.000000000000000000, 1.224646799147353207E-16 ) ) ;
#1457 = PRODUCT_DEFINITION ( 'UNKNOWN', '', #2272, #1723 ) ;
#1458 = CARTESIAN_POINT ( 'NONE',  ( 4.045511232578318683, 388.1975622707064986, 319.9744465156912270 ) ) ;
#1459 = VERTEX_POINT ( 'NONE', #490 ) ;
#1460 = CARTESIAN_POINT ( 'NONE',  ( 272.2523906999733754, 390.1899999999999977, 162.3811434808520175 ) ) ;
#1461 = CARTESIAN_POINT ( 'NONE',  ( -272.3258842475017900, 389.0251247258512990, -162.2578689528483835 ) ) ;
#1462 = ORIENTED_EDGE ( 'NONE', *, *, #1440, .T. ) ;
#1463 = CARTESIAN_POINT ( 'NONE',  ( 3.388695590974115657, 393.1653872035299173, -316.9819551098732404 ) ) ;
#1464 = AXIS2_PLACEMENT_3D ( 'NONE', #2160, #1257, #1206 ) ;
#1465 = CARTESIAN_POINT ( 'NONE',  ( 131.1640497075167389, 3.040308620855203703, 262.3280994150335914 ) ) ;
#1466 = CARTESIAN_POINT ( 'NONE',  ( 276.5427952935968960, 394.5459400225852846, -161.0098309261504141 ) ) ;
#1467 = CARTESIAN_POINT ( 'NONE',  ( 274.8507262711537464, 390.4873294111093287, 163.8812932223179359 ) ) ;
#1468 = AXIS2_PLACEMENT_3D ( 'NONE', #743, #1898, #1707 ) ;
#1469 = EDGE_CURVE ( 'NONE', #1347, #1048, #1414, .T. ) ;
#1470 = CARTESIAN_POINT ( 'NONE',  ( -275.0844098747191424, 388.1929548062023514, -163.4887766406970400 ) ) ;
#1471 =( NAMED_UNIT ( * ) PLANE_ANGLE_UNIT ( ) SI_UNIT ( $, .RADIAN. ) );
#1472 = AXIS2_PLACEMENT_3D ( 'NONE', #1794, #1611, #2192 ) ;
#1473 = CARTESIAN_POINT ( 'NONE',  ( -276.5307003630891245, 392.1814545063087394, -154.9831742963552585 ) ) ;
#1474 = ORIENTED_EDGE ( 'NONE', *, *, #1273, .F. ) ;
#1475 = CARTESIAN_POINT ( 'NONE',  ( 272.7230095177643534, 387.4466256732782767, 161.5895626411319483 ) ) ;
#1476 = EDGE_CURVE ( 'NONE', #2239, #787, #1630, .T. ) ;
#1477 = CARTESIAN_POINT ( 'NONE',  ( -273.1462344748707096, 386.6136123935316391, -160.8732268318466936 ) ) ;
#1478 = ORIENTED_EDGE ( 'NONE', *, *, #1364, .T. ) ;
#1479 = EDGE_CURVE ( 'NONE', #1753, #958, #81, .T. ) ;
#1480 = CARTESIAN_POINT ( 'NONE',  ( 2.973394526327936660, 393.5804441906659008, -316.9861228004734244 ) ) ;
#1481 = CARTESIAN_POINT ( 'NONE',  ( 4.500000000000007994, 390.1899999999999977, 316.9680583276492030 ) ) ;
#1482 = CARTESIAN_POINT ( 'NONE',  ( 2.973128755848174265, 393.5806841571380801, -319.9862554191404342 ) ) ;
#1483 = FACE_BOUND ( 'NONE', #1275, .T. ) ;
#1484 = CARTESIAN_POINT ( 'NONE',  ( 314.4035070647304906, 125.0926478796915831, -628.8070141294608675 ) ) ;
#1485 = CARTESIAN_POINT ( 'NONE',  ( 0.000000000000000000, 704.2053900641531072, 197.2954308275950837 ) ) ;
#1486 = ORIENTED_EDGE ( 'NONE', *, *, #2329, .F. ) ;
#1487 = LINE ( 'NONE', #895, #790 ) ;
#1488 = EDGE_CURVE ( 'NONE', #595, #2454, #2344, .T. ) ;
#1489 = ORIENTED_EDGE ( 'NONE', *, *, #2340, .T. ) ;
#1490 = CARTESIAN_POINT ( 'NONE',  ( -0.2935824256760401485, 385.6899999999999977, 316.9999999999999432 ) ) ;
#1491 = DIRECTION ( 'NONE',  ( -0.000000000000000000, 1.000000000000000000, -0.000000000000000000 ) ) ;
#1492 = ORIENTED_EDGE ( 'NONE', *, *, #503, .T. ) ;
#1493 = DIRECTION ( 'NONE',  ( 0.000000000000000000, 0.000000000000000000, -1.000000000000000000 ) ) ;
#1494 = CARTESIAN_POINT ( 'NONE',  ( -316.1768662589611836, 135.6029410036696561, -632.3537325179223672 ) ) ;
#1495 = CARTESIAN_POINT ( 'NONE',  ( 3.882130362653544842E-14, 385.6899999999999977, -317.0000000000000000 ) ) ;
#1496 = CYLINDRICAL_SURFACE ( 'NONE', #2305, 5.499999999999991118 ) ;
#1497 = ORIENTED_EDGE ( 'NONE', *, *, #2331, .F. ) ;
#1498 = CARTESIAN_POINT ( 'NONE',  ( 90.93266739736543514, -8.817456953860914693E-16, -47.00000000000106581 ) ) ;
#1499 = ORIENTED_EDGE ( 'NONE', *, *, #2012, .F. ) ;
#1500 = CARTESIAN_POINT ( 'NONE',  ( 1.164550319231887343, 394.5465616563477056, -316.9979911122584895 ) ) ;
#1501 = CARTESIAN_POINT ( 'NONE',  ( 127.0462727737098021, 3.000000000000000000, 254.0925455474196895 ) ) ;
#1502 = PLANE ( 'NONE',  #627 ) ;
#1503 = VECTOR ( 'NONE', #1741, 1000.000000000000000 ) ;
#1504 = CARTESIAN_POINT ( 'NONE',  ( -316.8828954391833577, 143.8969930750951676, -3.880696236041413163E-14 ) ) ;
#1505 = AXIS2_PLACEMENT_3D ( 'NONE', #1266, #1844, #888 ) ;
#1506 = SURFACE_STYLE_USAGE ( .BOTH. , #1696 ) ;
#1507 = VERTEX_POINT ( 'NONE', #1999 ) ;
#1508 = AXIS2_PLACEMENT_3D ( 'NONE', #1144, #558, #2465 ) ;
#1509 = CARTESIAN_POINT ( 'NONE',  ( -274.8507262711514159, 390.1899999999999977, 163.8812932223217445 ) ) ;
#1510 = VERTEX_POINT ( 'NONE', #276 ) ;
#1511 = CARTESIAN_POINT ( 'NONE',  ( -1.992208635306628173, 386.1443783382496235, 316.9938555880507920 ) ) ;
#1512 = CARTESIAN_POINT ( 'NONE',  ( 148.9930312403101880, 3.868073794247531172, 297.9860624806205465 ) ) ;
#1513 = ORIENTED_EDGE ( 'NONE', *, *, #33, .T. ) ;
#1514 = CARTESIAN_POINT ( 'NONE',  ( 4.043835741755164470, 392.1861083998530262, -319.9744679902783560 ) ) ;
#1515 = CARTESIAN_POINT ( 'NONE',  ( -271.5106749471391367, 51.71458988864115014, -3.325046790083514307E-14 ) ) ;
#1516 = DIRECTION ( 'NONE',  ( 0.000000000000000000, 0.000000000000000000, 1.000000000000000000 ) ) ;
#1517 = CARTESIAN_POINT ( 'NONE',  ( -272.4854187586178114, 388.1954425027979596, 161.9898432698163617 ) ) ;
#1518 = VERTEX_POINT ( 'NONE', #2358 ) ;
#1519 = CARTESIAN_POINT ( 'NONE',  ( -125.0000000000000000, 0.000000000000000000, -2.724839128102861149E-14 ) ) ;
#1520 = VERTEX_POINT ( 'NONE', #1027 ) ;
#1521 = CARTESIAN_POINT ( 'NONE',  ( 274.8507262711536896, 390.1899999999999977, 163.8812932223179359 ) ) ;
#1522 = CARTESIAN_POINT ( 'NONE',  ( 3.906254208676934070, 392.4436802392222603, 316.9759743488387471 ) ) ;
#1523 = CARTESIAN_POINT ( 'NONE',  ( 4.470808348897098661, 390.7798214053031529, -319.9687721386913495 ) ) ;
#1524 = CARTESIAN_POINT ( 'NONE',  ( 228.2936883607636105, 23.87575321960808239, 0.000000000000000000 ) ) ;
#1525 = CARTESIAN_POINT ( 'NONE',  ( -310.8318138636668664, 112.3568612975818297, -621.6636277273337328 ) ) ;
#1526 = EDGE_CURVE ( 'NONE', #1726, #1817, #1146, .T. ) ;
#1527 = DIRECTION ( 'NONE',  ( 0.000000000000000000, 0.000000000000000000, 1.000000000000000000 ) ) ;
#1528 = CARTESIAN_POINT ( 'NONE',  ( -276.6404073257796767, 388.7408729784943944, -154.7872662503786501 ) ) ;
#1529 = CARTESIAN_POINT ( 'NONE',  ( 275.5209968032640973, 394.2356198402565042, -156.7713456093776472 ) ) ;
#1530 = CARTESIAN_POINT ( 'NONE',  ( -275.7444066067004087, 393.7663876729027379, -162.3732821129959234 ) ) ;
#1531 = VERTEX_POINT ( 'NONE', #2038 ) ;
#1532 = CARTESIAN_POINT ( 'NONE',  ( 279.2807056061006392, 389.0245738000771212, 156.2123259687055281 ) ) ;
#1533 = CARTESIAN_POINT ( 'NONE',  ( 1.451079213132724144, 394.4598056796251626, 316.9967957281116355 ) ) ;
#1534 = VERTEX_POINT ( 'NONE', #1079 ) ;
#1535 = CARTESIAN_POINT ( 'NONE',  ( 0.000000000000000000, 276.6677123335954320, 320.0000000000000000 ) ) ;
#1536 = ADVANCED_FACE ( 'NONE', ( #1846 ), #546, .T. ) ;
#1538 = TOROIDAL_SURFACE ( 'NONE', #1022, 197.2954308275950837, 5.000000000000016875 ) ;
#1537 = CARTESIAN_POINT ( 'NONE',  ( -317.0000000000000000, 147.9576209620995826, -3.882130353297109876E-14 ) ) ;
#1539 = CARTESIAN_POINT ( 'NONE',  ( -258.3333333333333712, 0.000000000000000000, -3.163670897797329709E-14 ) ) ;
#1540 = UNCERTAINTY_MEASURE_WITH_UNIT (LENGTH_MEASURE( 1.000000000000000082E-05 ), #48, 'distance_accuracy_value', 'NONE');
#1541 = ORIENTED_EDGE ( 'NONE', *, *, #40, .F. ) ;
#1542 = CARTESIAN_POINT ( 'NONE',  ( -276.9778828530701844, 385.6902511000408253, 160.2602272634358656 ) ) ;
#1543 = AXIS2_PLACEMENT_3D ( 'NONE', #1223, #2348, #445 ) ;
#1544 = AXIS2_PLACEMENT_3D ( 'NONE', #549, #1491, #2252 ) ;
#1545 = ORIENTED_EDGE ( 'NONE', *, *, #737, .T. ) ;
#1546 = EDGE_CURVE ( 'NONE', #2338, #1753, #2011, .T. ) ;
#1547 = CARTESIAN_POINT ( 'NONE',  ( -275.6306881324163101, 393.5827475941378566, 162.5661954524193789 ) ) ;
#1548 = AXIS2_PLACEMENT_3D ( 'NONE', #801, #2328, #239 ) ;
#1549 = CYLINDRICAL_SURFACE ( 'NONE', #32, 5.499999999999991118 ) ;
#1550 = EDGE_LOOP ( 'NONE', ( #2053, #1058, #2266, #62 ) ) ;
#1551 = CARTESIAN_POINT ( 'NONE',  ( -1.449551894310119993, 394.4603525308538110, 316.9968030651178310 ) ) ;
#1552 = CARTESIAN_POINT ( 'NONE',  ( 249.2575460202308761, 35.08542727601752631, 0.000000000000000000 ) ) ;
#1553 = CARTESIAN_POINT ( 'NONE',  ( 125.0000000000000000, 0.000000000000000000, -249.9999999999999716 ) ) ;
#1554 = B_SPLINE_CURVE_WITH_KNOTS ( 'NONE', 3,
 ( #2003, #468, #2235, #144, #107, #1473, #1836, #2026, #1283, #655, #307, #1237, #1260, #1082, #1093, #121, #1646, #1274, #1044, #1824, #319, #853, #1417, #1054, #1445, #881, #2415, #332, #2185, #2219, #1069, #707, #1634, #696 ),
 .UNSPECIFIED., .F., .F.,
 ( 4, 2, 2, 2, 2, 2, 2, 2, 2, 2, 2, 2, 2, 2, 2, 2, 4 ),
 ( 0.01406923413761100063, 0.01494836267953463492, 0.01582749122145826748, 0.01670661976338190177, 0.01758574830530553607, 0.01846487684722917036, 0.01934400538915280465, 0.02022313393107643548, 0.02110226247300006977, 0.02198139101492370406, 0.02286051955684733836, 0.02373964809877097265, 0.02461877664069460347, 0.02549790518261824124, 0.02637703372454187206, 0.02725616226646550636, 0.02813529080838914065 ),
 .UNSPECIFIED. ) ;
#1555 = CARTESIAN_POINT ( 'NONE',  ( 273.3951154109660706, 386.2854035170688007, -160.4498997588199813 ) ) ;
#1556 = CARTESIAN_POINT ( 'NONE',  ( 276.6813503363906648, 391.3636445578465555, -154.7140386858174281 ) ) ;
#1557 = CARTESIAN_POINT ( 'NONE',  ( -278.8064454906306651, 387.2133189474319011, 157.0573435411273522 ) ) ;
#1558 = DIRECTION ( 'NONE',  ( 0.000000000000000000, -1.000000000000000000, 0.000000000000000000 ) ) ;
#1559 = ORIENTED_EDGE ( 'NONE', *, *, #1847, .T. ) ;
#1560 = CARTESIAN_POINT ( 'NONE',  ( 278.8997240726525320, 387.4445585787374284, 156.8915899489016397 ) ) ;
#1561 = EDGE_CURVE ( 'NONE', #2065, #269, #427, .T. ) ;
#1562 = CARTESIAN_POINT ( 'NONE',  ( 2.254178538886898231, 394.0958153984614682, 316.9920797965955899 ) ) ;
#1563 = ORIENTED_EDGE ( 'NONE', *, *, #137, .F. ) ;
#1564 = CARTESIAN_POINT ( 'NONE',  ( 1.166745535769112996, 385.8338038153573279, -316.9979859862807530 ) ) ;
#1565 = CARTESIAN_POINT ( 'NONE',  ( 316.8828954391833577, 143.8969930750951676, 0.000000000000000000 ) ) ;
#1566 = CARTESIAN_POINT ( 'NONE',  ( -274.8507262711526096, 390.1899999999999977, -163.8812932223198686 ) ) ;
#1567 = CARTESIAN_POINT ( 'NONE',  ( 272.4854187586166177, 388.1954425027979028, -161.9898432698182376 ) ) ;
#1568 = VERTEX_POINT ( 'NONE', #2472 ) ;
#1569 = CARTESIAN_POINT ( 'NONE',  ( 273.3976584526254783, 394.0975337670343492, 160.4455674683207178 ) ) ;
#1570 = CARTESIAN_POINT ( 'NONE',  ( 0.000000000000000000, 699.2113762373492136, 0.000000000000000000 ) ) ;
#1571 = ORIENTED_EDGE ( 'NONE', *, *, #1659, .F. ) ;
#1572 = CARTESIAN_POINT ( 'NONE',  ( 279.1289861273767769, 388.1985457222194782, 156.4832951523374618 ) ) ;
#1573 = CARTESIAN_POINT ( 'NONE',  ( 2.741783799018406853, 386.6096586437676592, -319.9883471138458617 ) ) ;
#1574 = EDGE_LOOP ( 'NONE', ( #920, #2446 ) ) ;
#1575 = CARTESIAN_POINT ( 'NONE',  ( 3.388568196761527318, 387.2144598505602744, -316.9819565170803344 ) ) ;
#1576 = CARTESIAN_POINT ( 'NONE',  ( 279.3507262711535759, 390.1899999999999977, 156.0870645882579595 ) ) ;
#1577 = CARTESIAN_POINT ( 'NONE',  ( 139.1954009879374325, 3.279040902431347604, -278.3908019758748082 ) ) ;
#1578 = CARTESIAN_POINT ( 'NONE',  ( 272.2674704522606817, 389.5980353304919959, -162.3558678990953013 ) ) ;
#1579 = CARTESIAN_POINT ( 'NONE',  ( 303.1088913245550884, 390.1899999999999977, 174.9999999999971863 ) ) ;
#1580 = CARTESIAN_POINT ( 'NONE',  ( -278.8997773678744920, 392.9349589842598220, -156.8914935307479652 ) ) ;
#1581 = DIRECTION ( 'NONE',  ( 0.000000000000000000, 0.000000000000000000, -1.000000000000000000 ) ) ;
#1582 = VERTEX_POINT ( 'NONE', #141 ) ;
#1583 = AXIS2_PLACEMENT_3D ( 'NONE', #39, #609, #1952 ) ;
#1584 = CARTESIAN_POINT ( 'NONE',  ( -272.2523906999711016, 390.1899999999999977, 162.3811434808557976 ) ) ;
#1585 = DIRECTION ( 'NONE',  ( 0.000000000000000000, 0.000000000000000000, -1.000000000000000000 ) ) ;
#1586 = ORIENTED_EDGE ( 'NONE', *, *, #1136, .F. ) ;
#1587 = CARTESIAN_POINT ( 'NONE',  ( -4.500000000000007994, 390.1899999999999977, 316.9680583276492030 ) ) ;
#1588 = CARTESIAN_POINT ( 'NONE',  ( -3.390389919465049307, 387.2165493630863580, -319.9821062368221192 ) ) ;
#1589 = AXIS2_PLACEMENT_3D ( 'NONE', #735, #2054, #2248 ) ;
#1591 = DIRECTION ( 'NONE',  ( -0.000000000000000000, -1.000000000000000000, -0.000000000000000000 ) ) ;
#1590 = AXIS2_PLACEMENT_3D ( 'NONE', #2401, #1295, #505 ) ;
#1592 = DIRECTION ( 'NONE',  ( 1.224646799147355426E-16, 0.000000000000000000, -1.000000000000000000 ) ) ;
#1593 = CARTESIAN_POINT ( 'NONE',  ( 275.5213370201008161, 386.1448821310760309, -156.7707439965415119 ) ) ;
#1594 = CARTESIAN_POINT ( 'NONE',  ( 7.332110811570579794E-13, 3.000000000000000000, 105.0000000000000000 ) ) ;
#1595 = DIRECTION ( 'NONE',  ( -0.000000000000000000, -1.000000000000000000, -0.000000000000000000 ) ) ;
#1596 = CARTESIAN_POINT ( 'NONE',  ( -274.8229635504173416, 394.6612271963286958, 157.9918395413462804 ) ) ;
#1597 = CARTESIAN_POINT ( 'NONE',  ( -276.7381634644922315, 389.6003109048467650, 154.6123932632938534 ) ) ;
#1598 = EDGE_LOOP ( 'NONE', ( #917, #1563 ) ) ;
#1599 = CARTESIAN_POINT ( 'NONE',  ( -2.799509580448326695E-23, 385.6899999999999977, 320.0000000000000000 ) ) ;
#1600 = CARTESIAN_POINT ( 'NONE',  ( -2.973128788101131015, 386.7993158781161469, 316.9861253383651842 ) ) ;
#1601 = CYLINDRICAL_SURFACE ( 'NONE', #1505, 4.500000000000007994 ) ;
#1602 = DIRECTION ( 'NONE',  ( 0.000000000000000000, -1.000000000000000000, 0.000000000000000000 ) ) ;
#1603 = CARTESIAN_POINT ( 'NONE',  ( -277.4240445032178286, 385.7195549726227455, -159.4866208952059594 ) ) ;
#1604 = CARTESIAN_POINT ( 'NONE',  ( -278.6017991245893199, 393.5827475941377998, -157.4200802590495130 ) ) ;
#1605 = CARTESIAN_POINT ( 'NONE',  ( 3.918869757271530421E-14, 276.6677123335954320, -320.0000000000000000 ) ) ;
#1606 = VERTEX_POINT ( 'NONE', #1091 ) ;
#1607 = CARTESIAN_POINT ( 'NONE',  ( -272.3701162333705383, 391.6398933330091836, 162.1836377113772301 ) ) ;
#1608 = CARTESIAN_POINT ( 'NONE',  ( -273.1479413429185570, 386.6112478907879222, 160.8703254280178498 ) ) ;
#1609 = ORIENTED_EDGE ( 'NONE', *, *, #771, .F. ) ;
#1610 = CARTESIAN_POINT ( 'NONE',  ( 278.1191228108841642, 386.1443800572978944, -158.2713745772518337 ) ) ;
#1611 = DIRECTION ( 'NONE',  ( -0.000000000000000000, -1.000000000000000000, -0.000000000000000000 ) ) ;
#1612 = CARTESIAN_POINT ( 'NONE',  ( -320.0000000000000000, 150.0000000000000284, -3.918869757271530421E-14 ) ) ;
#1613 = CARTESIAN_POINT ( 'NONE',  ( 4.355620794954469410, 391.3583127114753779, 319.9703609278053023 ) ) ;
#1614 = CARTESIAN_POINT ( 'NONE',  ( -276.8345080044869633, 385.7187727982867500, -160.5077500750585955 ) ) ;
#1615 = ADVANCED_FACE ( 'NONE', ( #1117, #539, #175, #342, #1483, #2097, #2084 ), #1502, .F. ) ;
#1616 = CARTESIAN_POINT ( 'NONE',  ( -279.3507262711525527, 390.1899999999999977, -156.0870645882598922 ) ) ;
#1617 = CARTESIAN_POINT ( 'NONE',  ( 3.918869757271530421E-14, 276.6677123335954320, -320.0000000000000000 ) ) ;
#1618 = ORIENTED_EDGE ( 'NONE', *, *, #1771, .T. ) ;
#1619 = CARTESIAN_POINT ( 'NONE',  ( -276.2082228185411736, 393.1666811413876417, 155.5572590873680667 ) ) ;
#1620 = CARTESIAN_POINT ( 'NONE',  ( -3.578270546236772542, 392.9344293623108797, -319.9800345578480005 ) ) ;
#1621 = AXIS2_PLACEMENT_3D ( 'NONE', #567, #2111, #190 ) ;
#1622 = EDGE_CURVE ( 'NONE', #1459, #2220, #1246, .T. ) ;
#1623 = ORIENTED_EDGE ( 'NONE', *, *, #688, .F. ) ;
#1624 = CARTESIAN_POINT ( 'NONE',  ( 275.4168666005555792, 387.2178446575115345, -162.9281822285984447 ) ) ;
#1625 = CARTESIAN_POINT ( 'NONE',  ( -3.576815009661815203, 387.4433127115657953, -319.9800517699243301 ) ) ;
#1626 = AXIS2_PLACEMENT_3D ( 'NONE', #791, #1945, #2330 ) ;
#1627 = DIRECTION ( 'NONE',  ( -0.000000000000000000, -1.000000000000000000, -0.000000000000000000 ) ) ;
#1628 = CIRCLE ( 'NONE', #1913, 317.0000000000000000 ) ;
#1629 = DIRECTION ( 'NONE',  ( -0.4999999999999938938, 0.000000000000000000, 0.8660254037844421493 ) ) ;
#1630 = LINE ( 'NONE', #2398, #864 ) ;
#1631 =( GEOMETRIC_REPRESENTATION_CONTEXT ( 3 ) GLOBAL_UNCERTAINTY_ASSIGNED_CONTEXT ( ( #1675 ) ) GLOBAL_UNIT_ASSIGNED_CONTEXT ( ( #289, #1471, #2438 ) ) REPRESENTATION_CONTEXT ( 'NONE', 'WORKASPACE' ) );
#1632 = CARTESIAN_POINT ( 'NONE',  ( -279.1289861273758106, 388.1985457222194782, -156.4832951523394797 ) ) ;
#1633 = CARTESIAN_POINT ( 'NONE',  ( -4.500000000000013323, 389.8963691319787586, -316.9680583276491461 ) ) ;
#1634 = CARTESIAN_POINT ( 'NONE',  ( -272.2523906999722385, 390.4872623356778263, -162.3811434808539502 ) ) ;
#1635 = DIRECTION ( 'NONE',  ( -0.000000000000000000, -1.000000000000000000, -0.000000000000000000 ) ) ;
#1636 = CARTESIAN_POINT ( 'NONE',  ( -276.6401433102449232, 388.7393190845423874, 154.7877381173598224 ) ) ;
#1637 = EDGE_LOOP ( 'NONE', ( #945, #369, #1850, #1278 ) ) ;
#1638 = CARTESIAN_POINT ( 'NONE',  ( -1.164550209695893512, 385.8334383192625978, 319.9980099460154293 ) ) ;
#1639 = CARTESIAN_POINT ( 'NONE',  ( -1.164729383708287935, 385.8334538209105062, -319.9980097216713943 ) ) ;
#1640 = B_SPLINE_CURVE_WITH_KNOTS ( 'NONE', 3,
 ( #2388, #671, #1660, #682, #1431, #1458, #2040, #2210, #1849, #481, #132, #2198, #1249, #2426, #2014, #291, #493, #2076 ),
 .UNSPECIFIED., .F., .F.,
 ( 4, 2, 2, 2, 2, 2, 2, 2, 4 ),
 ( 0.01406923084737500725, 0.01494882634946746031, 0.01582842185155991510, 0.01670801735365236990, 0.01758761285574482469, 0.01846720835783727602, 0.01934680385992973081, 0.02022639936202218561, 0.02110599486411464040 ),
 .UNSPECIFIED. ) ;
#1641 = CARTESIAN_POINT ( 'NONE',  ( -271.5106749471391367, 51.71458988864115014, -3.325046790083514307E-14 ) ) ;
#1642 = CARTESIAN_POINT ( 'NONE',  ( -4.500000000000007994, 390.1899999999999977, 319.9683578105810398 ) ) ;
#1643 = CARTESIAN_POINT ( 'NONE',  ( 4.470584282121219388, 390.7818304467376151, 319.9687753218365174 ) ) ;
#1644 = DIRECTION ( 'NONE',  ( 5.299427168092641889E-17, -0.9015230574682904230, 0.4327310675847362287 ) ) ;
#1645 = CARTESIAN_POINT ( 'NONE',  ( -1.168487704600374100, 385.8344086147841949, -316.9979777026522925 ) ) ;
#1646 = CARTESIAN_POINT ( 'NONE',  ( -274.6802932608554215, 394.6897489075612384, -158.2397691054743234 ) ) ;
#1647 = ORIENTED_EDGE ( 'NONE', *, *, #1476, .T. ) ;
#1648 = DIRECTION ( 'NONE',  ( -0.000000000000000000, 1.000000000000000000, -0.000000000000000000 ) ) ;
#1649 = CARTESIAN_POINT ( 'NONE',  ( -272.2523906999711016, 390.1899999999999977, 162.3811434808557976 ) ) ;
#1650 = EDGE_LOOP ( 'NONE', ( #340, #2299, #418, #1887, #973, #1097 ) ) ;
#1651 = EDGE_CURVE ( 'NONE', #1215, #1606, #2034, .T. ) ;
#1652 = CARTESIAN_POINT ( 'NONE',  ( 3.882130356089275477E-14, 394.6899999999999977, -317.0000000000000000 ) ) ;
#1653 = CARTESIAN_POINT ( 'NONE',  ( 1.993602503813742599, 386.1449502256126607, 316.9938480771381819 ) ) ;
#1654 = CARTESIAN_POINT ( 'NONE',  ( 279.3507262711503358, 390.4873294111093287, -156.0870645882637859 ) ) ;
#1655 = DIRECTION ( 'NONE',  ( 0.000000000000000000, 0.000000000000000000, -1.000000000000000000 ) ) ;
#1656 = CARTESIAN_POINT ( 'NONE',  ( -274.8507262711526096, 390.1899999999999977, -163.8812932223198686 ) ) ;
#1657 = EDGE_CURVE ( 'NONE', #857, #2239, #825, .T. ) ;
#1658 = EDGE_CURVE ( 'NONE', #1817, #393, #1717, .T. ) ;
#1659 = EDGE_CURVE ( 'NONE', #1729, #1568, #1153, .T. ) ;
#1660 = CARTESIAN_POINT ( 'NONE',  ( 4.471506517824494154, 389.6042325083312221, 319.9687624518430198 ) ) ;
#1661 = ORIENTED_EDGE ( 'NONE', *, *, #1193, .T. ) ;
#1662 = CARTESIAN_POINT ( 'NONE',  ( -90.93266739736586146, 0.000000000000000000, 47.00000000000043343 ) ) ;
#1663 = CARTESIAN_POINT ( 'NONE',  ( -276.7523906999721817, 389.8963026165785664, -154.5869148467939169 ) ) ;
#1664 = ORIENTED_EDGE ( 'NONE', *, *, #2171, .T. ) ;
#1665 = CYLINDRICAL_SURFACE ( 'NONE', #2391, 4.500000000000007105 ) ;
#1666 = CONICAL_SURFACE ( 'NONE', #1181, 320.0000000000000000, 0.4475199751571700690 ) ;
#1667 = CARTESIAN_POINT ( 'NONE',  ( 3.391792774061000326, 387.2178048835415893, 316.9819235427808053 ) ) ;
#1668 = B_SPLINE_CURVE_WITH_KNOTS ( 'NONE', 3,
 ( #877, #1654, #140, #812, #2037, #1078, #2146, #1015, #2205, #2231, #703, #1438, #2217, #1391, #1090, #1669, #717, #1003, #1784, #1466, #2434, #519, #430, #1194, #70, #1774, #443, #1963, #826, #501, #2345, #242, #316, #2048 ),
 .UNSPECIFIED., .F., .F.,
 ( 4, 2, 2, 2, 2, 2, 2, 2, 2, 2, 2, 2, 2, 2, 2, 2, 4 ),
 ( 0.000000000000000000, 0.0008793269279609338329, 0.001758653855921867666, 0.002637980783882801390, 0.003517307711843735332, 0.004396634639804669273, 0.005275961567765602780, 0.006155288495726537155, 0.007034615423687470663, 0.007913942351648405038, 0.008793269279609338546, 0.009672596207570272053, 0.01055192313553120556, 0.01143125006349213907, 0.01231057699145307431, 0.01318990391941400782, 0.01406923084737494133 ),
 .UNSPECIFIED. ) ;
#1669 = CARTESIAN_POINT ( 'NONE',  ( 277.4213351084207488, 394.6613535911811823, -159.4913389499798484 ) ) ;
#1671 = CARTESIAN_POINT ( 'NONE',  ( 292.0422696846607664, 74.70096701306968612, -584.0845393693213055 ) ) ;
#1670 = AXIS2_PLACEMENT_3D ( 'NONE', #962, #1346, #2116 ) ;
#1672 = CARTESIAN_POINT ( 'NONE',  ( -4.044814585626577141, 388.1958676815521017, -316.9742138125262159 ) ) ;
#1673 = AXIS2_PLACEMENT_3D ( 'NONE', #1189, #1922, #7 ) ;
#1674 = DIRECTION ( 'NONE',  ( -0.000000000000000000, 1.000000000000000000, -0.000000000000000000 ) ) ;
#1675 = UNCERTAINTY_MEASURE_WITH_UNIT (LENGTH_MEASURE( 1.000000000000000082E-05 ), #289, 'distance_accuracy_value', 'NONE');
#1676 = ORIENTED_EDGE ( 'NONE', *, *, #1455, .T. ) ;
#1677 = DIRECTION ( 'NONE',  ( 0.000000000000000000, -1.000000000000000000, 0.000000000000000000 ) ) ;
#1678 = VERTEX_POINT ( 'NONE', #199 ) ;
#1679 = CARTESIAN_POINT ( 'NONE',  ( -279.0604159465890461, 392.4441776428204776, 156.6055903428303679 ) ) ;
#1680 = CYLINDRICAL_SURFACE ( 'NONE', #2110, 4.500000000000007105 ) ;
#1681 = VERTEX_POINT ( 'NONE', #413 ) ;
#1682 = DIRECTION ( 'NONE',  ( 0.000000000000000000, -1.000000000000000000, 0.000000000000000000 ) ) ;
#1683 = CARTESIAN_POINT ( 'NONE',  ( 275.9937356927619021, 394.0953426832020909, 161.9491228052248175 ) ) ;
#1684 = CARTESIAN_POINT ( 'NONE',  ( -228.2936883607635821, 23.87575321960808239, -456.5873767215272210 ) ) ;
#1685 = CARTESIAN_POINT ( 'NONE',  ( -3.391792774060960802, 387.2178048835414756, -316.9819235427808053 ) ) ;
#1686 = CARTESIAN_POINT ( 'NONE',  ( 3.147653563694505182E-14, 699.2113762373492136, 197.0508374963454798 ) ) ;
#1687 = ORIENTED_EDGE ( 'NONE', *, *, #1891, .T. ) ;
#1688 = CARTESIAN_POINT ( 'NONE',  ( 276.7523906999733185, 389.8963026165785095, 154.5869148467920411 ) ) ;
#1689 = ORIENTED_EDGE ( 'NONE', *, *, #2190, .T. ) ;
#1690 = CARTESIAN_POINT ( 'NONE',  ( 2.741783952441335881, 393.7703412428685397, -316.9882368289032684 ) ) ;
#1691 = CARTESIAN_POINT ( 'NONE',  ( -192.0265652266533891, 10.78574458508401612, -2.351647184560815236E-14 ) ) ;
#1692 = ORIENTED_EDGE ( 'NONE', *, *, #1715, .T. ) ;
#1693 = DIRECTION ( 'NONE',  ( 0.000000000000000000, 0.000000000000000000, 1.000000000000000000 ) ) ;
#1694 = CARTESIAN_POINT ( 'NONE',  ( 277.8492602763245714, 394.4609460764354480, 158.7446464585616752 ) ) ;
#1695 = CARTESIAN_POINT ( 'NONE',  ( 317.0000000000000000, 147.9576209620995826, 0.000000000000000000 ) ) ;
#1696 = SURFACE_SIDE_STYLE ('',( #928 ) ) ;
#1697 = ORIENTED_EDGE ( 'NONE', *, *, #1747, .F. ) ;
#1698 = CARTESIAN_POINT ( 'NONE',  ( -275.3219645722072073, 387.4445585787375990, 163.0884511809352091 ) ) ;
#1699 = ORIENTED_EDGE ( 'NONE', *, *, #835, .F. ) ;
#1700 = CARTESIAN_POINT ( 'NONE',  ( 90.93266739736654358, 0.000000000000000000, 46.99999999999915445 ) ) ;
#1701 = EDGE_CURVE ( 'NONE', #197, #328, #2469, .T. ) ;
#1702 = CARTESIAN_POINT ( 'NONE',  ( 4.500000000000012434, 389.8963691319788722, 316.9680583276492030 ) ) ;
#1703 = CARTESIAN_POINT ( 'NONE',  ( 4.269853551294914062, 391.6410020333395323, -319.9715317396509704 ) ) ;
#1704 = CARTESIAN_POINT ( 'NONE',  ( -314.4035070647304906, 125.0926478796915688, -3.850332485675244047E-14 ) ) ;
#1705 = AXIS2_PLACEMENT_3D ( 'NONE', #1441, #693, #1415 ) ;
#1706 = CIRCLE ( 'NONE', #1424, 125.0000000000000000 ) ;
#1707 = DIRECTION ( 'NONE',  ( 0.000000000000000000, 0.000000000000000000, 1.000000000000000000 ) ) ;
#1708 = CARTESIAN_POINT ( 'NONE',  ( -275.5210189015227797, 386.1444402016296067, -156.7713059168832217 ) ) ;
#1709 = CARTESIAN_POINT ( 'NONE',  ( 272.2523906999699648, 390.1899999999999977, -162.3811434808577303 ) ) ;
#1710 = VECTOR ( 'NONE', #2172, 1000.000000000000114 ) ;
#1711 = CARTESIAN_POINT ( 'NONE',  ( -279.0589387691019851, 387.9304312338624641, 156.6082237159963313 ) ) ;
#1712 = ORIENTED_EDGE ( 'NONE', *, *, #555, .T. ) ;
#1713 = CARTESIAN_POINT ( 'NONE',  ( 277.8523260499687808, 385.9211709607480998, 158.7392796841009215 ) ) ;
#1715 = EDGE_CURVE ( 'NONE', #1681, #2274, #1345, .T. ) ;
#1714 = CARTESIAN_POINT ( 'NONE',  ( 0.000000000000000000, 150.0000000000000284, 0.000000000000000000 ) ) ;
#1716 = CARTESIAN_POINT ( 'NONE',  ( -1.166745379208901312, 394.5461962252966828, 319.9980048683145810 ) ) ;
#1717 = LINE ( 'NONE', #975, #389 ) ;
#1718 = CARTESIAN_POINT ( 'NONE',  ( 310.8318138636669232, 112.3568612975818297, -621.6636277273337328 ) ) ;
#1719 = EDGE_CURVE ( 'NONE', #1606, #1215, #1997, .T. ) ;
#1720 = B_SPLINE_CURVE_WITH_KNOTS ( 'NONE', 3,
 ( #1725, #1937, #215, #757, #2103, #23, #980, #1950, #12, #770, #1530, #2298, #467, #265, #2386, #670, #71, #828, #1376, #618, #2002, #1430, #2147, #85, #1604, #231, #1580, #253, #278, #1236, #1975, #1031, #1964, #1616 ),
 .UNSPECIFIED., .F., .F.,
 ( 4, 2, 2, 2, 2, 2, 2, 2, 2, 2, 2, 2, 2, 2, 2, 2, 4 ),
 ( 0.000000000000000000, 0.0008793269279609381697, 0.001758653855921876339, 0.002637980783882814401, 0.003517307711843752679, 0.004396634639804690957, 0.005275961567765628801, 0.006155288495726567513, 0.007034615423687505358, 0.007913942351648443202, 0.008793269279609381914, 0.009672596207570320626, 0.01055192313553125760, 0.01143125006349219631, 0.01231057699145313503, 0.01318990391941407200, 0.01406923084737501072 ),
 .UNSPECIFIED. ) ;
#1721 = CYLINDRICAL_SURFACE ( 'NONE', #1621, 4.500000000000007105 ) ;
#1722 = CARTESIAN_POINT ( 'NONE',  ( -274.6760118228800707, 385.6898962256030359, -158.2471948486580970 ) ) ;
#1723 = PRODUCT_DEFINITION_CONTEXT ( 'detailed design', #2451, 'design' ) ;
#1724 = CARTESIAN_POINT ( 'NONE',  ( 7.332110811570579794E-13, 3.000000000000000000, 105.0000000000000000 ) ) ;
#1725 = CARTESIAN_POINT ( 'NONE',  ( -274.8507262711526096, 390.1899999999999977, -163.8812932223198686 ) ) ;
#1726 = VERTEX_POINT ( 'NONE', #461 ) ;
#1727 = DIRECTION ( 'NONE',  ( -0.000000000000000000, 1.000000000000000000, -0.000000000000000000 ) ) ;
#1728 = CARTESIAN_POINT ( 'NONE',  ( 0.5891612849489913373, 394.6609035024792433, 316.9995831375151738 ) ) ;
#1729 = VERTEX_POINT ( 'NONE', #274 ) ;
#1730 = EDGE_CURVE ( 'NONE', #168, #1159, #74, .T. ) ;
#1731 = CARTESIAN_POINT ( 'NONE',  ( 3.388568275389173934, 393.1655400678438923, -319.9821256833033090 ) ) ;
#1732 = CARTESIAN_POINT ( 'NONE',  ( -192.0265652266533891, 10.78574458508401612, -2.351647184560815236E-14 ) ) ;
#1733 = EDGE_CURVE ( 'NONE', #2220, #248, #1451, .T. ) ;
#1734 = FACE_OUTER_BOUND ( 'NONE', #411, .T. ) ;
#1735 = CARTESIAN_POINT ( 'NONE',  ( 276.2995921613826908, 392.9403631488758037, -155.3948596767649519 ) ) ;
#1736 = CARTESIAN_POINT ( 'NONE',  ( -276.8314875105949682, 385.7195549726228592, 160.5129597128090495 ) ) ;
#1737 = EDGE_CURVE ( 'NONE', #2274, #1681, #2072, .T. ) ;
#1738 = CARTESIAN_POINT ( 'NONE',  ( 275.4188721028320401, 387.2133189474319011, 162.9247927631624862 ) ) ;
#1739 = CARTESIAN_POINT ( 'NONE',  ( 1.164550209695923488, 385.8334383192625410, -319.9980099460154293 ) ) ;
#1740 = VERTEX_POINT ( 'NONE', #859 ) ;
#1741 = DIRECTION ( 'NONE',  ( -0.000000000000000000, -1.000000000000000000, -0.000000000000000000 ) ) ;
#1742 = CARTESIAN_POINT ( 'NONE',  ( 131.1640497075167957, 3.040308620855203259, 0.000000000000000000 ) ) ;
#1743 = DIRECTION ( 'NONE',  ( 0.000000000000000000, 0.000000000000000000, -1.000000000000000000 ) ) ;
#1744 = VECTOR ( 'NONE', #2140, 1000.000000000000000 ) ;
#1746 = VECTOR ( 'NONE', #456, 1000.000000000000000 ) ;
#1745 = CARTESIAN_POINT ( 'NONE',  ( 274.3840967280025325, 385.6898962256030359, -158.7528066244825595 ) ) ;
#1747 = EDGE_CURVE ( 'NONE', #1459, #1510, #1050, .T. ) ;
#1748 = CARTESIAN_POINT ( 'NONE',  ( 273.0295377992325143, 393.5773156530004258, -161.0711472039504599 ) ) ;
#1749 = CARTESIAN_POINT ( 'NONE',  ( 0.000000000000000000, 150.0000000000000284, 0.000000000000000000 ) ) ;
#1750 = CIRCLE ( 'NONE', #1626, 197.0508374963454798 ) ;
#1751 = LINE ( 'NONE', #417, #1342 ) ;
#1752 = AXIS2_PLACEMENT_3D ( 'NONE', #710, #1635, #684 ) ;
#1753 = VERTEX_POINT ( 'NONE', #1012 ) ;
#1754 = CARTESIAN_POINT ( 'NONE',  ( -276.5427952935979761, 394.5459400225852846, 161.0098309261485383 ) ) ;
#1755 = VECTOR ( 'NONE', #347, 1000.000000000000000 ) ;
#1756 = CARTESIAN_POINT ( 'NONE',  ( 4.045511135268569980, 392.1824379269186807, 316.9742046663320139 ) ) ;
#1757 = VERTEX_POINT ( 'NONE', #1996 ) ;
#1758 = CARTESIAN_POINT ( 'NONE',  ( 2.254250861273348505, 386.2841113248896363, -316.9920802187476738 ) ) ;
#1759 = CARTESIAN_POINT ( 'NONE',  ( 278.6017991245904568, 393.5827475941378566, 157.4200802590476371 ) ) ;
#1760 = CARTESIAN_POINT ( 'NONE',  ( -125.0000000000000000, 3.000000000000000000, -1.530808498934191561E-14 ) ) ;
#1761 =( NAMED_UNIT ( * ) SI_UNIT ( $, .STERADIAN. ) SOLID_ANGLE_UNIT ( ) );
#1762 = DIRECTION ( 'NONE',  ( 0.000000000000000000, 0.000000000000000000, -1.000000000000000000 ) ) ;
#1763 = CARTESIAN_POINT ( 'NONE',  ( 275.2542237746214369, 394.4588290047668124, 157.2392644994134514 ) ) ;
#1764 = LINE ( 'NONE', #597, #1746 ) ;
#1765 = EDGE_LOOP ( 'NONE', ( #1113, #78, #2174, #1395 ) ) ;
#1766 = CARTESIAN_POINT ( 'NONE',  ( -275.3219077192464397, 392.9349589842598220, 163.0885455450300867 ) ) ;
#1767 = CARTESIAN_POINT ( 'NONE',  ( 1.449551540155501916, 385.9196473404010135, -319.9968330383232455 ) ) ;
#1768 = ORIENTED_EDGE ( 'NONE', *, *, #435, .T. ) ;
#1769 = DIRECTION ( 'NONE',  ( -0.000000000000000000, 1.000000000000000000, -0.000000000000000000 ) ) ;
#1770 = CARTESIAN_POINT ( 'NONE',  ( 279.1283143971670029, 392.1845573976197556, 156.4844939934883428 ) ) ;
#1771 = EDGE_CURVE ( 'NONE', #1582, #2260, #2179, .T. ) ;
#1772 = CARTESIAN_POINT ( 'NONE',  ( 127.0462727737098447, 3.000000000000000000, -254.0925455474196610 ) ) ;
#1773 = CARTESIAN_POINT ( 'NONE',  ( 272.3699084180619820, 388.7408729784942807, -162.1839873322132064 ) ) ;
#1774 = CARTESIAN_POINT ( 'NONE',  ( 275.4169754902442833, 393.1627623350315162, -162.9280017554677045 ) ) ;
#1775 = CARTESIAN_POINT ( 'NONE',  ( 272.7256921782874315, 392.9403631488758037, 161.5850360286553098 ) ) ;
#1776 = CARTESIAN_POINT ( 'NONE',  ( -4.500000000000007994, 390.1899999999999977, 316.9680583276492030 ) ) ;
#1777 = DIRECTION ( 'NONE',  ( 0.000000000000000000, -1.000000000000000000, 0.000000000000000000 ) ) ;
#1778 = CARTESIAN_POINT ( 'NONE',  ( -276.3021709925200184, 387.4466256732782767, 155.3902731183619323 ) ) ;
#1779 = ORIENTED_EDGE ( 'NONE', *, *, #2086, .T. ) ;
#1780 = CARTESIAN_POINT ( 'NONE',  ( 3.882130353297109876E-14, 449.3172876880689728, -317.0000000000000000 ) ) ;
#1781 = CYLINDRICAL_SURFACE ( 'NONE', #2230, 4.500000000000007994 ) ;
#1782 = B_SPLINE_CURVE_WITH_KNOTS ( 'NONE', 3,
 ( #646, #871, #1597, #2164, #1636, #295, #1448, #1778, #1409, #2352, #271, #61, #1035, #2405, #448, #685, #817, #636, #1398, #1213, #1979, #257, #1804, #1608, #1911, #2308, #376, #191, #1517, #2286, #1839, #755, #2238, #1649 ),
 .UNSPECIFIED., .F., .F.,
 ( 4, 2, 2, 2, 2, 2, 2, 2, 2, 2, 2, 2, 2, 2, 2, 2, 4 ),
 ( 0.000000000000000000, 0.0008793271336006854792, 0.001758654267201370958, 0.002637981400802056654, 0.003517308534402741917, 0.004396635668003427179, 0.005275962801604113309, 0.006155289935204798571, 0.007034617068805483833, 0.007913944202406169096, 0.008793271336006854358, 0.009672598469607539620, 0.01055192560320822662, 0.01143125273680891188, 0.01231057987040959714, 0.01318990700401028240, 0.01406923413761096767 ),
 .UNSPECIFIED. ) ;
#1783 = CARTESIAN_POINT ( 'NONE',  ( -127.0462727737098305, 3.000000000000000000, -254.0925455474196610 ) ) ;
#1784 = CARTESIAN_POINT ( 'NONE',  ( 276.8327557290905361, 394.6608442333686639, -160.5107742150085244 ) ) ;
#1785 = LINE ( 'NONE', #1043, #2036 ) ;
#1786 = AXIS2_PLACEMENT_3D ( 'NONE', #2280, #2460, #184 ) ;
#1787 = CARTESIAN_POINT ( 'NONE',  ( -4.043703504993695574, 388.1939390339683769, 319.9744694181507043 ) ) ;
#1788 = AXIS2_PLACEMENT_3D ( 'NONE', #805, #1017, #1182 ) ;
#1789 = CARTESIAN_POINT ( 'NONE',  ( -272.2669758355239082, 390.7754574360034212, 162.3566973604406485 ) ) ;
#1790 = TOROIDAL_SURFACE ( 'NONE', #709, 197.2954308275950837, 5.000000000000016875 ) ;
#1791 = CARTESIAN_POINT ( 'NONE',  ( -1.993602174693107854, 394.2350499327067155, -319.9939057544698358 ) ) ;
#1792 = ORIENTED_EDGE ( 'NONE', *, *, #695, .T. ) ;
#1793 = CYLINDRICAL_SURFACE ( 'NONE', #1419, 5.499999999999991118 ) ;
#1794 = CARTESIAN_POINT ( 'NONE',  ( 7.332110811570579794E-13, -8.817456953860914693E-16, 105.0000000000000000 ) ) ;
#1795 = VECTOR ( 'NONE', #1401, 1000.000000000000000 ) ;
#1796 = B_SPLINE_CURVE_WITH_KNOTS ( 'NONE', 3,
 ( #606, #1365, #1205, #777, #67, #2359, #2307, #1221, #2132, #1165, #967, #593, #1593, #1935, #20, #1351, #212, #1745, #978, #792, #2144, #35, #1555, #1973, #228, #2318, #1002, #993, #1567, #1773, #56, #1578, #251, #1014 ),
 .UNSPECIFIED., .F., .F.,
 ( 4, 2, 2, 2, 2, 2, 2, 2, 2, 2, 2, 2, 2, 2, 2, 2, 4 ),
 ( 0.000000000000000000, 0.0008793271336006842865, 0.001758654267201368573, 0.002637981400802052751, 0.003517308534402737146, 0.004396635668003421107, 0.005275962801604105502, 0.006155289935204789897, 0.007034617068805474292, 0.007913944202406158687, 0.008793271336006842215, 0.009672598469607527477, 0.01055192560320821100, 0.01143125273680889627, 0.01231057987040957979, 0.01318990700401026506, 0.01406923413761094858 ),
 .UNSPECIFIED. ) ;
#1797 = CARTESIAN_POINT ( 'NONE',  ( -319.9999999999999432, 150.0000000000000284, -639.9999999999998863 ) ) ;
#1798 = CARTESIAN_POINT ( 'NONE',  ( 0.000000000000000000, 449.9999999999999432, 0.000000000000000000 ) ) ;
#1799 = CARTESIAN_POINT ( 'NONE',  ( -90.93266739736586146, 0.000000000000000000, 52.50000000000041922 ) ) ;
#1800 = DIRECTION ( 'NONE',  ( 0.000000000000000000, -1.000000000000000000, 0.000000000000000000 ) ) ;
#1801 = FACE_OUTER_BOUND ( 'NONE', #2044, .T. ) ;
#1802 = ORIENTED_EDGE ( 'NONE', *, *, #479, .F. ) ;
#1803 = FACE_BOUND ( 'NONE', #1036, .T. ) ;
#1804 = CARTESIAN_POINT ( 'NONE',  ( -273.3951154109672075, 386.2854035170688007, 160.4498997588180487 ) ) ;
#1805 = ORIENTED_EDGE ( 'NONE', *, *, #2099, .F. ) ;
#1806 = CARTESIAN_POINT ( 'NONE',  ( -0.2965844622963756949, 385.6899999999999409, 319.9999999999999432 ) ) ;
#1807 = CARTESIAN_POINT ( 'NONE',  ( -2.254178251976241221, 386.2841844249891778, -319.9921540523420163 ) ) ;
#1808 = CARTESIAN_POINT ( 'NONE',  ( -210.9703240350002034, 16.66110728174800215, -2.583641320445429275E-14 ) ) ;
#1809 = CARTESIAN_POINT ( 'NONE',  ( 1.993602174693127393, 394.2350499327067723, 319.9939057544698926 ) ) ;
#1810 = CARTESIAN_POINT ( 'NONE',  ( 2.477404518451491483E-14, 704.2053900641531072, -202.2954308275951121 ) ) ;
#1811 = CARTESIAN_POINT ( 'NONE',  ( 276.6402084529105991, 391.6398933330091836, 154.7876210341293586 ) ) ;
#1812 = ADVANCED_FACE ( 'NONE', ( #1217 ), #1781, .F. ) ;
#1813 = LINE ( 'NONE', #1605, #706 ) ;
#1814 = EDGE_CURVE ( 'NONE', #1678, #2292, #1061, .T. ) ;
#1815 = CARTESIAN_POINT ( 'NONE',  ( -273.5257074025772113, 394.2328720038348138, 160.2272180249210294 ) ) ;
#1816 = CARTESIAN_POINT ( 'NONE',  ( 0.000000000000000000, 449.9999999999999432, 0.000000000000000000 ) ) ;
#1817 = VERTEX_POINT ( 'NONE', #284 ) ;
#1818 = CARTESIAN_POINT ( 'NONE',  ( 276.9778828530690475, 385.6902511000408253, -160.2602272634377698 ) ) ;
#1819 = DIRECTION ( 'NONE',  ( 0.000000000000000000, -0.9015230574682734366, -0.4327310675847715338 ) ) ;
#1820 = CARTESIAN_POINT ( 'NONE',  ( -228.2936883607636105, 23.87575321960808239, -2.795791347165525117E-14 ) ) ;
#1821 = CARTESIAN_POINT ( 'NONE',  ( -3.390389923959312046, 393.1634506293588061, -316.9819368856774418 ) ) ;
#1822 = CARTESIAN_POINT ( 'NONE',  ( -277.7102721440263622, 385.8342731233331619, -158.9876959352055223 ) ) ;
#1823 = EDGE_CURVE ( 'NONE', #2338, #1055, #2049, .T. ) ;
#1824 = CARTESIAN_POINT ( 'NONE',  ( -273.9475564364033744, 394.5473773031233122, -159.5049183530592245 ) ) ;
#1825 = CARTESIAN_POINT ( 'NONE',  ( -272.5557973398391596, 392.4425692637141765, 161.8714441184228860 ) ) ;
#1826 = MECHANICAL_DESIGN_GEOMETRIC_PRESENTATION_REPRESENTATION (  '', ( #383 ), #545 ) ;
#1827 = ORIENTED_EDGE ( 'NONE', *, *, #1771, .F. ) ;
#1828 = CARTESIAN_POINT ( 'NONE',  ( 278.2469068478080771, 386.2824661511813247, -158.0465709756252295 ) ) ;
#1829 = CARTESIAN_POINT ( 'NONE',  ( -4.045511232578318683, 388.1975622707067828, -319.9744465156913975 ) ) ;
#1830 = CIRCLE ( 'NONE', #746, 5.499999999999991118 ) ;
#1831 = CARTESIAN_POINT ( 'NONE',  ( -317.0000000000000568, 150.0000000000000284, 633.9999999999998863 ) ) ;
#1832 = VECTOR ( 'NONE', #2090, 1000.000000000000000 ) ;
#1833 = CARTESIAN_POINT ( 'NONE',  ( 305.3588913245515073, 390.1899999999999977, -171.1028856829735503 ) ) ;
#1834 = CARTESIAN_POINT ( 'NONE',  ( -2.743957791287528813, 393.7687442562537967, -316.9882185039312503 ) ) ;
#1835 = CARTESIAN_POINT ( 'NONE',  ( -274.8507262711526664, 389.8927377382709096, -163.8812932223198686 ) ) ;
#1836 = CARTESIAN_POINT ( 'NONE',  ( -276.4626814237466874, 392.4425692637141765, -155.1045223858130271 ) ) ;
#1837 = EDGE_LOOP ( 'NONE', ( #2018, #1901, #485, #885 ) ) ;
#1838 = CARTESIAN_POINT ( 'NONE',  ( 90.93266739736543514, 3.000000000000000000, -52.50000000000105871 ) ) ;
#1839 = CARTESIAN_POINT ( 'NONE',  ( -272.3263646224706349, 389.0214294073224437, 162.2570628331791909 ) ) ;
#1840 = VERTEX_POINT ( 'NONE', #1412 ) ;
#1841 = CARTESIAN_POINT ( 'NONE',  ( 279.2375437798302755, 388.7342411116208041, -156.2894967277123044 ) ) ;
#1842 = DIRECTION ( 'NONE',  ( -0.5000000000000057732, 0.000000000000000000, -0.8660254037844353769 ) ) ;
#1843 = ADVANCED_FACE ( 'NONE', ( #298 ), #628, .T. ) ;
#1844 = DIRECTION ( 'NONE',  ( -0.000000000000000000, -0.000000000000000000, 1.000000000000000000 ) ) ;
#1845 = CARTESIAN_POINT ( 'NONE',  ( 0.000000000000000000, 0.000000000000000000, -105.0000000000000000 ) ) ;
#1846 = FACE_OUTER_BOUND ( 'NONE', #497, .T. ) ;
#1847 = EDGE_CURVE ( 'NONE', #482, #1920, #16, .T. ) ;
#1848 = CYLINDRICAL_SURFACE ( 'NONE', #1705, 4.500000000000007994 ) ;
#1849 = CARTESIAN_POINT ( 'NONE',  ( 3.390389919465050195, 387.2165493630863580, 319.9821062368221192 ) ) ;
#1850 = ORIENTED_EDGE ( 'NONE', *, *, #1387, .F. ) ;
#1851 = CARTESIAN_POINT ( 'NONE',  ( 0.000000000000000000, 449.9999999999999432, -320.0000000000000000 ) ) ;
#1852 = CARTESIAN_POINT ( 'NONE',  ( -125.0000000000000000, 0.000000000000000000, -1.530808498934191561E-14 ) ) ;
#1853 = ORIENTED_EDGE ( 'NONE', *, *, #2209, .F. ) ;
#1854 = DIRECTION ( 'NONE',  ( 0.4999999999999938938, 0.000000000000000000, -0.8660254037844421493 ) ) ;
#1855 = CARTESIAN_POINT ( 'NONE',  ( 139.1954009879373757, 3.279040902431347604, 278.3908019758748651 ) ) ;
#1856 = EDGE_LOOP ( 'NONE', ( #1162, #612, #1449, #255, #2133, #522 ) ) ;
#1857 = CARTESIAN_POINT ( 'NONE',  ( 320.0000000000000000, 150.0000000000000284, 0.000000000000000000 ) ) ;
#1858 = CARTESIAN_POINT ( 'NONE',  ( 210.9703240350002034, 16.66110728174800215, 0.000000000000000000 ) ) ;
#1859 = CARTESIAN_POINT ( 'NONE',  ( -276.7523906999721817, 390.1899999999999977, -154.5869148467939738 ) ) ;
#1860 = ORIENTED_EDGE ( 'NONE', *, *, #1733, .T. ) ;
#1861 = CARTESIAN_POINT ( 'NONE',  ( 0.000000000000000000, 3.000000000000000000, -105.0000000000000000 ) ) ;
#1862 = CARTESIAN_POINT ( 'NONE',  ( -272.2523906999722385, 390.1899999999999977, -162.3811434808539502 ) ) ;
#1863 = ORIENTED_EDGE ( 'NONE', *, *, #931, .T. ) ;
#1864 = AXIS2_PLACEMENT_3D ( 'NONE', #29, #2128, #589 ) ;
#1865 = CARTESIAN_POINT ( 'NONE',  ( -278.9004109863877829, 392.9333741718508577, 156.8903675390357932 ) ) ;
#1866 = CARTESIAN_POINT ( 'NONE',  ( 124.9999999999999432, 3.000000000000000000, 249.9999999999999716 ) ) ;
#1867 = ORIENTED_EDGE ( 'NONE', *, *, #600, .F. ) ;
#1868 = CARTESIAN_POINT ( 'NONE',  ( -125.0000000000000000, 3.000000000000002665, -2.706469426115650876E-14 ) ) ;
#1869 = CARTESIAN_POINT ( 'NONE',  ( 275.7444066067015456, 393.7663876729027379, 162.3732821129939623 ) ) ;
#1870 = TOROIDAL_SURFACE ( 'NONE', #1305, 197.2954308275950837, 5.000000000000016875 ) ;
#1872 = CARTESIAN_POINT ( 'NONE',  ( -249.2575460202307909, 35.08542727601752631, -498.5150920404616386 ) ) ;
#1871 = AXIS2_PLACEMENT_3D ( 'NONE', #2176, #471, #2379 ) ;
#1873 = CARTESIAN_POINT ( 'NONE',  ( 272.2523906999734322, 390.4872623356778263, 162.3811434808520175 ) ) ;
#1874 = VECTOR ( 'NONE', #2441, 1000.000000000000000 ) ;
#1875 = CARTESIAN_POINT ( 'NONE',  ( 0.000000000000000000, 700.0000000000000000, 0.000000000000000000 ) ) ;
#1876 = VERTEX_POINT ( 'NONE', #517 ) ;
#1877 = CARTESIAN_POINT ( 'NONE',  ( 273.0311444750759620, 386.7998879782918493, 161.0684241697037749 ) ) ;
#1878 = ORIENTED_EDGE ( 'NONE', *, *, #1719, .T. ) ;
#1879 = CARTESIAN_POINT ( 'NONE',  ( -1.166745535769081021, 385.8338038153573848, 316.9979859862808098 ) ) ;
#1880 = CARTESIAN_POINT ( 'NONE',  ( -125.0000000000000284, 3.000000000000000000, 249.9999999999999147 ) ) ;
#1881 = ORIENTED_EDGE ( 'NONE', *, *, #1214, .T. ) ;
#1882 = FACE_BOUND ( 'NONE', #808, .T. ) ;
#1883 = CARTESIAN_POINT ( 'NONE',  ( 277.4227859158506817, 394.6608442333686639, 159.4888119535409032 ) ) ;
#1884 = ADVANCED_FACE ( 'NONE', ( #1892 ), #1665, .F. ) ;
#1885 = FACE_OUTER_BOUND ( 'NONE', #2069, .T. ) ;
#1886 = FILL_AREA_STYLE_COLOUR ( '', #942 ) ;
#1887 = ORIENTED_EDGE ( 'NONE', *, *, #835, .T. ) ;
#1888 = CARTESIAN_POINT ( 'NONE',  ( 275.6512469312873463, 386.2854035170688007, 156.5421653370657111 ) ) ;
#1889 = ADVANCED_FACE ( 'NONE', ( #127 ), #711, .T. ) ;
#1890 = ORIENTED_EDGE ( 'NONE', *, *, #470, .T. ) ;
#1891 = EDGE_CURVE ( 'NONE', #2406, #815, #909, .T. ) ;
#1892 = FACE_OUTER_BOUND ( 'NONE', #446, .T. ) ;
#1893 = CARTESIAN_POINT ( 'NONE',  ( 4.044814585626577141, 388.1958676815522153, 316.9742138125262727 ) ) ;
#1894 = ORIENTED_EDGE ( 'NONE', *, *, #491, .F. ) ;
#1895 = CARTESIAN_POINT ( 'NONE',  ( 4.500000000000008882, 390.4873967484958825, -319.9683578105811534 ) ) ;
#1896 = CARTESIAN_POINT ( 'NONE',  ( 0.000000000000000000, 0.000000000000000000, 0.000000000000000000 ) ) ;
#1897 = CARTESIAN_POINT ( 'NONE',  ( -249.2575460202308761, 35.08542727601752631, -3.052524558969998316E-14 ) ) ;
#1898 = DIRECTION ( 'NONE',  ( -0.000000000000000000, 1.000000000000000000, -0.000000000000000000 ) ) ;
#1899 = CARTESIAN_POINT ( 'NONE',  ( 273.1469841565859156, 393.7673921974385394, -160.8719519408874419 ) ) ;
#1900 = CARTESIAN_POINT ( 'NONE',  ( -275.7451561365789985, 386.6126078102876704, 162.3720072620680810 ) ) ;
#1901 = ORIENTED_EDGE ( 'NONE', *, *, #2086, .F. ) ;
#1902 = CARTESIAN_POINT ( 'NONE',  ( -274.8507262711514159, 390.1899999999999977, 163.8812932223217445 ) ) ;
#1903 = CARTESIAN_POINT ( 'NONE',  ( -139.1954009879374325, 3.279040902431347160, -1.704652022759098989E-14 ) ) ;
#1904 = VERTEX_POINT ( 'NONE', #351 ) ;
#1905 = LINE ( 'NONE', #2448, #1103 ) ;
#1906 = DIRECTION ( 'NONE',  ( 0.000000000000000000, -1.000000000000000000, 0.000000000000000000 ) ) ;
#1907 = CARTESIAN_POINT ( 'NONE',  ( 90.93266739736543514, -8.817456953860914693E-16, -58.00000000000105160 ) ) ;
#1908 = CIRCLE ( 'NONE', #1583, 320.0000000000000000 ) ;
#1909 = VECTOR ( 'NONE', #999, 1000.000000000000000 ) ;
#1910 = DIRECTION ( 'NONE',  ( -0.000000000000000000, 1.000000000000000000, -0.000000000000000000 ) ) ;
#1911 = CARTESIAN_POINT ( 'NONE',  ( -273.0324993875417476, 386.7972524840832875, 161.0661305877324310 ) ) ;
#1912 = EDGE_LOOP ( 'NONE', ( #686, #571, #179, #2127 ) ) ;
#1913 = AXIS2_PLACEMENT_3D ( 'NONE', #469, #1239, #645 ) ;
#1914 = CARTESIAN_POINT ( 'NONE',  ( 4.500000000000007994, 390.1899999999999977, -350.0000000000000000 ) ) ;
#1915 = PRODUCT_DEFINITION_SHAPE ( 'NONE', 'NONE',  #1457 ) ;
#1916 = EDGE_CURVE ( 'NONE', #958, #782, #2131, .T. ) ;
#1917 = ORIENTED_EDGE ( 'NONE', *, *, #213, .F. ) ;
#1918 = CARTESIAN_POINT ( 'NONE',  ( 279.0609529076797344, 387.9374311744277861, 156.6046348188767467 ) ) ;
#1919 = DIRECTION ( 'NONE',  ( 0.000000000000000000, 0.000000000000000000, 1.000000000000000000 ) ) ;
#1920 = VERTEX_POINT ( 'NONE', #2045 ) ;
#1921 = CARTESIAN_POINT ( 'NONE',  ( 0.000000000000000000, 704.2053900641531072, 0.000000000000000000 ) ) ;
#1922 = DIRECTION ( 'NONE',  ( -0.000000000000000000, 1.000000000000000000, -0.000000000000000000 ) ) ;
#1923 = ADVANCED_FACE ( 'NONE', ( #887 ), #2057, .F. ) ;
#1924 = CARTESIAN_POINT ( 'NONE',  ( 3.918869760071741141E-14, 385.6899999999999977, -320.0000000000000000 ) ) ;
#1925 = CYLINDRICAL_SURFACE ( 'NONE', #1948, 4.500000000000007105 ) ;
#1926 = CARTESIAN_POINT ( 'NONE',  ( -276.4611621528272849, 387.9324688617950301, -155.1072286495115407 ) ) ;
#1927 = CARTESIAN_POINT ( 'NONE',  ( 274.2334077634608889, 394.6604450016369015, -159.0129578982382270 ) ) ;
#1928 = CARTESIAN_POINT ( 'NONE',  ( -258.3333333333333712, 0.000000000000000000, -3.163670897797329709E-14 ) ) ;
#1929 = CARTESIAN_POINT ( 'NONE',  ( 278.1218211440307755, 386.1471278720209170, 158.2666313836658674 ) ) ;
#1930 = CARTESIAN_POINT ( 'NONE',  ( 4.268339522515733897, 388.7349827709117562, -319.9715516966842870 ) ) ;
#1931 = ORIENTED_EDGE ( 'NONE', *, *, #1107, .T. ) ;
#1932 = CARTESIAN_POINT ( 'NONE',  ( 90.93266739736654358, 0.000000000000000000, 57.99999999999913314 ) ) ;
#1933 = CARTESIAN_POINT ( 'NONE',  ( 279.0594332531867963, 392.4475309644364529, 156.6073410494184373 ) ) ;
#1934 = EDGE_CURVE ( 'NONE', #1606, #1757, #337, .T. ) ;
#1935 = CARTESIAN_POINT ( 'NONE',  ( 275.2531006650144150, 385.9205015005172186, -157.2412283749671928 ) ) ;
#1936 = ORIENTED_EDGE ( 'NONE', *, *, #2012, .T. ) ;
#1937 = CARTESIAN_POINT ( 'NONE',  ( -274.8507262711526664, 390.4873294111093287, -163.8812932223198402 ) ) ;
#1938 = CARTESIAN_POINT ( 'NONE',  ( 125.0000000000000000, 0.000000000000000000, 0.000000000000000000 ) ) ;
#1939 = ORIENTED_EDGE ( 'NONE', *, *, #2329, .T. ) ;
#1940 = CARTESIAN_POINT ( 'NONE',  ( 276.5456489689785826, 385.8326226471950804, 161.0049275412720249 ) ) ;
#1941 = CARTESIAN_POINT ( 'NONE',  ( 4.354542225908027753, 389.0169708496350154, -319.9703757306422176 ) ) ;
#1942 = ORIENTED_EDGE ( 'NONE', *, *, #69, .F. ) ;
#1943 = CARTESIAN_POINT ( 'NONE',  ( 4.269853457395016427, 388.7389976926058921, -316.9712623009602908 ) ) ;
#1944 = CARTESIAN_POINT ( 'NONE',  ( 125.0000000000000000, 3.000000000000002665, 0.000000000000000000 ) ) ;
#1945 = DIRECTION ( 'NONE',  ( -0.000000000000000000, 1.000000000000000000, -0.000000000000000000 ) ) ;
#1946 = CIRCLE ( 'NONE', #2223, 5.000000000000004441 ) ;
#1948 = AXIS2_PLACEMENT_3D ( 'NONE', #1326, #2439, #531 ) ;
#1947 = CARTESIAN_POINT ( 'NONE',  ( -131.1640497075167957, 3.040308620855203259, -1.606296336375147812E-14 ) ) ;
#1949 = CARTESIAN_POINT ( 'NONE',  ( 272.2669758355227714, 390.7754574360034212, -162.3566973604425243 ) ) ;
#1950 = CARTESIAN_POINT ( 'NONE',  ( -275.3212493910758667, 392.9333741718508577, -163.0896572706150778 ) ) ;
#1951 = AXIS2_PLACEMENT_3D ( 'NONE', #2196, #263, #1247 ) ;
#1952 = DIRECTION ( 'NONE',  ( 0.000000000000000000, 0.000000000000000000, 1.000000000000000000 ) ) ;
#1953 = AXIS2_PLACEMENT_3D ( 'NONE', #2042, #1648, #322 ) ;
#1954 = ORIENTED_EDGE ( 'NONE', *, *, #1658, .T. ) ;
#1955 = CARTESIAN_POINT ( 'NONE',  ( 275.0844098747203361, 388.1929548062022945, 163.4887766406951073 ) ) ;
#1956 = CIRCLE ( 'NONE', #1590, 192.2954308275950837 ) ;
#1957 = CARTESIAN_POINT ( 'NONE',  ( 4.500000000000007994, 389.8928957014155117, -319.9683578105809829 ) ) ;
#1958 = VERTEX_POINT ( 'NONE', #171 ) ;
#1959 = CARTESIAN_POINT ( 'NONE',  ( 2.746448327307663195, 386.6130411138320824, -316.9881978716872482 ) ) ;
#1960 = CARTESIAN_POINT ( 'NONE',  ( 279.3363734306833521, 390.7819645760210392, 156.1127598446707623 ) ) ;
#1961 = CARTESIAN_POINT ( 'NONE',  ( -90.93266739736586146, 0.000000000000000000, 52.50000000000041922 ) ) ;
#1962 = CARTESIAN_POINT ( 'NONE',  ( -160.3217237896145662, 5.021197216058748580, -1.963374858727375612E-14 ) ) ;
#1963 = CARTESIAN_POINT ( 'NONE',  ( 275.1556523945227468, 392.4475309644364529, -163.3688878382390897 ) ) ;
#1964 = CARTESIAN_POINT ( 'NONE',  ( -279.3507262711526096, 390.4836973516747776, -156.0870645882599206 ) ) ;
#1965 = CYLINDRICAL_SURFACE ( 'NONE', #1230, 317.0000000000000000 ) ;
#1966 = EDGE_LOOP ( 'NONE', ( #525, #724, #2393, #1692 ) ) ;
#1967 = DIRECTION ( 'NONE',  ( 0.000000000000000000, 0.000000000000000000, -1.000000000000000000 ) ) ;
#1968 = CARTESIAN_POINT ( 'NONE',  ( 90.93266739736654358, 0.000000000000000000, 52.49999999999914735 ) ) ;
#1969 = ORIENTED_EDGE ( 'NONE', *, *, #1546, .F. ) ;
#1970 = CARTESIAN_POINT ( 'NONE',  ( -4.268339408360563247, 391.6450175592256642, 316.9712824471662884 ) ) ;
#1971 = CARTESIAN_POINT ( 'NONE',  ( -4.500000000000007994, 390.1899999999999977, 316.9680583276492030 ) ) ;
#1972 = DIRECTION ( 'NONE',  ( -0.000000000000000000, -1.000000000000000000, -0.000000000000000000 ) ) ;
#1973 = CARTESIAN_POINT ( 'NONE',  ( 273.1479413429174201, 386.6112478907879222, -160.8703254280197257 ) ) ;
#1974 = DIRECTION ( 'NONE',  ( 0.000000000000000000, 0.000000000000000000, 1.000000000000000000 ) ) ;
#1975 = CARTESIAN_POINT ( 'NONE',  ( -279.2802398417009044, 391.3585703432729588, -156.2131586700943160 ) ) ;
#1976 = CARTESIAN_POINT ( 'NONE',  ( 7.338846368965890605E-13, 0.000000000000000000, 110.4999999999999858 ) ) ;
#1977 = CARTESIAN_POINT ( 'NONE',  ( -276.7523906999712153, 390.1899999999999977, 154.5869148467959349 ) ) ;
#1978 = EDGE_CURVE ( 'NONE', #815, #1568, #1234, .T. ) ;
#1979 = CARTESIAN_POINT ( 'NONE',  ( -273.8034244655779617, 385.9190539997342171, 159.7521798484791020 ) ) ;
#1980 = ORIENTED_EDGE ( 'NONE', *, *, #285, .F. ) ;
#1981 = CARTESIAN_POINT ( 'NONE',  ( -2.794460870654912219E-23, 394.6899999999999977, 317.0000000000000000 ) ) ;
#1982 = CARTESIAN_POINT ( 'NONE',  ( -4.043835622709632815, 388.1938913606229562, 316.9742263444589980 ) ) ;
#1983 = CARTESIAN_POINT ( 'NONE',  ( -314.4035070647304906, 125.0926478796915688, -3.850332485675244047E-14 ) ) ;
#1984 = CARTESIAN_POINT ( 'NONE',  ( 4.500000000000010658, 390.4836308368556388, 319.9683578105810398 ) ) ;
#1985 = FACE_OUTER_BOUND ( 'NONE', #1650, .T. ) ;
#1986 = CARTESIAN_POINT ( 'NONE',  ( 273.0321141913605061, 393.5817977646335635, 161.0667806456293647 ) ) ;
#1987 = AXIS2_PLACEMENT_3D ( 'NONE', #2122, #569, #1762 ) ;
#1988 = CARTESIAN_POINT ( 'NONE',  ( -4.268339522515733897, 388.7349827709117562, 319.9715516966842870 ) ) ;
#1989 = ORIENTED_EDGE ( 'NONE', *, *, #379, .T. ) ;
#1990 = VECTOR ( 'NONE', #9, 1000.000000000000000 ) ;
#1991 = CARTESIAN_POINT ( 'NONE',  ( -272.8186436442401828, 393.1621553760975303, 161.4280974693570840 ) ) ;
#1992 = VECTOR ( 'NONE', #807, 1000.000000000000000 ) ;
#1993 = FACE_OUTER_BOUND ( 'NONE', #2107, .T. ) ;
#1994 = ORIENTED_EDGE ( 'NONE', *, *, #771, .T. ) ;
#1995 = CARTESIAN_POINT ( 'NONE',  ( 279.0589387691007346, 387.9304312338624641, -156.6082237159983208 ) ) ;
#1996 = CARTESIAN_POINT ( 'NONE',  ( 90.93266739736654358, -8.817456953860914693E-16, 46.99999999999915445 ) ) ;
#1997 = CIRCLE ( 'NONE', #1548, 5.499999999999991118 ) ;
#1998 = CARTESIAN_POINT ( 'NONE',  ( 249.2575460202307909, 35.08542727601752631, 498.5150920404616386 ) ) ;
#1999 = CARTESIAN_POINT ( 'NONE',  ( -4.500000000000007994, 390.1899999999999977, 319.9683578105810398 ) ) ;
#2000 = EDGE_CURVE ( 'NONE', #1518, #1740, #578, .T. ) ;
#2001 = FACE_OUTER_BOUND ( 'NONE', #385, .T. ) ;
#2002 = CARTESIAN_POINT ( 'NONE',  ( -277.8492602763234913, 394.4609460764354480, -158.7446464585635795 ) ) ;
#2003 = CARTESIAN_POINT ( 'NONE',  ( -276.7523906999721817, 390.1899999999999977, -154.5869148467939738 ) ) ;
#2004 = ORIENTED_EDGE ( 'NONE', *, *, #1651, .F. ) ;
#2005 = DIRECTION ( 'NONE',  ( 0.000000000000000000, 0.000000000000000000, -1.000000000000000000 ) ) ;
#2006 = CARTESIAN_POINT ( 'NONE',  ( -2.744552984525936434, 393.7681827615441534, -319.9883229848914539 ) ) ;
#2007 = ORIENTED_EDGE ( 'NONE', *, *, #1387, .T. ) ;
#2008 = DIRECTION ( 'NONE',  ( 0.000000000000000000, 0.000000000000000000, 1.000000000000000000 ) ) ;
#2009 = CARTESIAN_POINT ( 'NONE',  ( 0.000000000000000000, 449.9999999999999432, -320.0000000000000000 ) ) ;
#2010 = CARTESIAN_POINT ( 'NONE',  ( -314.4035070647304906, 125.0926478796915831, 628.8070141294608675 ) ) ;
#2011 = LINE ( 'NONE', #365, #1186 ) ;
#2012 = EDGE_CURVE ( 'NONE', #2220, #1459, #1118, .T. ) ;
#2013 = CARTESIAN_POINT ( 'NONE',  ( 3.882130356089275477E-14, 394.6899999999999977, -317.0000000000000000 ) ) ;
#2014 = CARTESIAN_POINT ( 'NONE',  ( 1.164729383708315025, 385.8334538209104494, 319.9980097216713375 ) ) ;
#2015 = VERTEX_POINT ( 'NONE', #572 ) ;
#2016 = CARTESIAN_POINT ( 'NONE',  ( -273.0295377992335943, 393.5773156530005394, 161.0711472039485272 ) ) ;
#2017 = CARTESIAN_POINT ( 'NONE',  ( 276.7523906999700216, 390.1899999999999977, -154.5869148467978107 ) ) ;
#2018 = ORIENTED_EDGE ( 'NONE', *, *, #216, .F. ) ;
#2019 = CARTESIAN_POINT ( 'NONE',  ( 276.1238339216571944, 386.1471278720209170, -161.7272467656903530 ) ) ;
#2020 = CARTESIAN_POINT ( 'NONE',  ( 3.918869760071741141E-14, 385.6899999999999977, -320.0000000000000000 ) ) ;
#2021 = CARTESIAN_POINT ( 'NONE',  ( -310.8318138636669801, 112.3568612975818297, 621.6636277273337328 ) ) ;
#2022 = DIRECTION ( 'NONE',  ( 0.000000000000000000, 0.000000000000000000, -1.000000000000000000 ) ) ;
#2023 = LINE ( 'NONE', #83, #2389 ) ;
#2024 = CARTESIAN_POINT ( 'NONE',  ( -276.4020457327252416, 385.9186694644123463, -161.2513057262880807 ) ) ;
#2025 = APPLICATION_PROTOCOL_DEFINITION ( 'draft international standard', 'automotive_design', 1998, #1164 ) ;
#2026 = CARTESIAN_POINT ( 'NONE',  ( -276.3014842222041239, 392.9354415330159327, -155.3914955882279401 ) ) ;
#2027 = CARTESIAN_POINT ( 'NONE',  ( 276.7380412802170326, 389.5980353304919959, 154.6126120862396931 ) ) ;
#2028 = AXIS2_PLACEMENT_3D ( 'NONE', #1400, #450, #2155 ) ;
#2029 = CARTESIAN_POINT ( 'NONE',  ( 258.3333333333333712, 0.000000000000000000, 6.327341795594659419E-14 ) ) ;
#2030 = AXIS2_PLACEMENT_3D ( 'NONE', #904, #1296, #2246 ) ;
#2031 = ORIENTED_EDGE ( 'NONE', *, *, #632, .T. ) ;
#2032 = CARTESIAN_POINT ( 'NONE',  ( 278.8064454906294145, 387.2133189474319011, -157.0573435411293133 ) ) ;
#2033 = CARTESIAN_POINT ( 'NONE',  ( -279.3507262711515864, 390.4873294111093287, 156.0870645882618817 ) ) ;
#2034 = CIRCLE ( 'NONE', #72, 5.499999999999991118 ) ;
#2035 = FACE_OUTER_BOUND ( 'NONE', #2213, .T. ) ;
#2036 = VECTOR ( 'NONE', #2360, 999.9999999999998863 ) ;
#2037 = CARTESIAN_POINT ( 'NONE',  ( 279.2384529204510955, 391.6406806441650588, -156.2878727628938975 ) ) ;
#2038 = CARTESIAN_POINT ( 'NONE',  ( 0.000000000000000000, 150.0000000000000284, 317.0000000000000000 ) ) ;
#2039 = CARTESIAN_POINT ( 'NONE',  ( -277.2783694529377385, 385.6902511000408253, -159.7397692054717311 ) ) ;
#2040 = CARTESIAN_POINT ( 'NONE',  ( 3.906254454828006484, 387.9363201629501532, 319.9761996030812270 ) ) ;
#2041 = ORIENTED_EDGE ( 'NONE', *, *, #285, .T. ) ;
#2042 = CARTESIAN_POINT ( 'NONE',  ( 0.000000000000000000, 449.3172876880689728, 0.000000000000000000 ) ) ;
#2043 = CARTESIAN_POINT ( 'NONE',  ( -275.8917592071921376, 386.6112478907879222, -156.1178934803808147 ) ) ;
#2044 = EDGE_LOOP ( 'NONE', ( #543, #2247, #75, #459, #1676, #2403, #399, #2139, #1559, #2079, #1497 ) ) ;
#2045 = CARTESIAN_POINT ( 'NONE',  ( -9.356442538554854720E-23, 385.6899999999999977, 317.0000000000000000 ) ) ;
#2046 = ADVANCED_FACE ( 'NONE', ( #1332, #2105, #382 ), #1148, .F. ) ;
#2047 = CARTESIAN_POINT ( 'NONE',  ( -125.0000000000000000, 3.000000000000000000, -1.530808498934191561E-14 ) ) ;
#2048 = CARTESIAN_POINT ( 'NONE',  ( 274.8507262711502790, 390.1899999999999977, -163.8812932223236771 ) ) ;
#2049 = B_SPLINE_CURVE_WITH_KNOTS ( 'NONE', 3,
 ( #474, #689, #64, #102, #1243, #1829, #1038, #1625, #1588, #2355, #116, #1807, #2203, #487, #1639, #639, #1255, #2020 ),
 .UNSPECIFIED., .F., .F.,
 ( 4, 2, 2, 2, 2, 2, 2, 2, 4 ),
 ( 0.01406923084737500725, 0.01494882634946746724, 0.01582842185155992551, 0.01670801735365238377, 0.01758761285574484551, 0.01846720835783730030, 0.01934680385992976204, 0.02022639936202222030, 0.02110599486411467857 ),
 .UNSPECIFIED. ) ;
#2050 = CARTESIAN_POINT ( 'NONE',  ( 228.2936883607636105, 23.87575321960808239, -456.5873767215271641 ) ) ;
#2051 = SHAPE_DEFINITION_REPRESENTATION ( #1915, #1121 ) ;
#2052 = CYLINDRICAL_SURFACE ( 'NONE', #1145, 5.499999999999991118 ) ;
#2053 = ORIENTED_EDGE ( 'NONE', *, *, #737, .F. ) ;
#2054 = DIRECTION ( 'NONE',  ( -0.000000000000000000, 1.000000000000000000, -0.000000000000000000 ) ) ;
#2055 = CARTESIAN_POINT ( 'NONE',  ( -275.1119089975923657, 385.8340600301260679, -157.4881608610319290 ) ) ;
#2056 = VERTEX_POINT ( 'NONE', #1034 ) ;
#2057 = CYLINDRICAL_SURFACE ( 'NONE', #1112, 4.500000000000003553 ) ;
#2058 = CARTESIAN_POINT ( 'NONE',  ( 160.3217237896145662, 5.021197216058748580, 3.926749717454751224E-14 ) ) ;
#2059 = CARTESIAN_POINT ( 'NONE',  ( 3.918869766628437441E-14, 394.6899999999999977, -320.0000000000000000 ) ) ;
#2060 = CARTESIAN_POINT ( 'NONE',  ( 174.8739957108788872, 7.128835295609106559, -349.7479914217577175 ) ) ;
#2061 = CARTESIAN_POINT ( 'NONE',  ( -1.448928259378271965, 385.9194630876599490, -316.9968056252209294 ) ) ;
#2062 = CARTESIAN_POINT ( 'NONE',  ( 0.000000000000000000, 704.2053900641531072, 0.000000000000000000 ) ) ;
#2063 = EDGE_LOOP ( 'NONE', ( #1969, #987, #336, #1489, #1407, #2226 ) ) ;
#2064 = LINE ( 'NONE', #1662, #1755 ) ;
#2065 = VERTEX_POINT ( 'NONE', #270 ) ;
#2066 = CARTESIAN_POINT ( 'NONE',  ( -1.450457175391911768, 385.9200908839920885, 316.9967973809941100 ) ) ;
#2067 = AXIS2_PLACEMENT_3D ( 'NONE', #1875, #1910, #167 ) ;
#2068 = CARTESIAN_POINT ( 'NONE',  ( -317.0000000000000000, 150.0000000000000284, -3.882130353297109876E-14 ) ) ;
#2069 = EDGE_LOOP ( 'NONE', ( #433, #588, #1586, #1321, #697 ) ) ;
#2070 = CARTESIAN_POINT ( 'NONE',  ( -90.93266739736586146, 3.000000000000000000, 47.00000000000043343 ) ) ;
#2071 = CARTESIAN_POINT ( 'NONE',  ( 276.3995510119213463, 394.4594985851111346, 161.2555782816519070 ) ) ;
#2073 = CARTESIAN_POINT ( 'NONE',  ( -271.5106749471390799, 51.71458988864115014, -543.0213498942781598 ) ) ;
#2072 = CIRCLE ( 'NONE', #1472, 5.499999999999991118 ) ;
#2074 = ADVANCED_FACE ( 'NONE', ( #657 ), #280, .F. ) ;
#2075 = ADVANCED_FACE ( 'NONE', ( #2163, #1803, #457, #1046, #855, #843, #1056 ), #483, .F. ) ;
#2076 = CARTESIAN_POINT ( 'NONE',  ( -2.799509580448326695E-23, 385.6899999999999977, 320.0000000000000000 ) ) ;
#2077 = EDGE_LOOP ( 'NONE', ( #1109, #1942, #1545, #1863 ) ) ;
#2078 = CARTESIAN_POINT ( 'NONE',  ( 275.5210189015238029, 386.1444402016296067, 156.7713059168812322 ) ) ;
#2079 = ORIENTED_EDGE ( 'NONE', *, *, #577, .F. ) ;
#2080 = CARTESIAN_POINT ( 'NONE',  ( 3.903397644739383221, 392.4484639971361162, -316.9760093089902853 ) ) ;
#2081 = CARTESIAN_POINT ( 'NONE',  ( 2.971761062862751768, 386.7978269180766233, 316.9861396769405246 ) ) ;
#2082 = EDGE_LOOP ( 'NONE', ( #361, #162 ) ) ;
#2083 = CARTESIAN_POINT ( 'NONE',  ( -3.578757303019125313, 392.9339090425866630, 319.9800293680816026 ) ) ;
#2084 = FACE_OUTER_BOUND ( 'NONE', #2430, .T. ) ;
#2085 = CARTESIAN_POINT ( 'NONE',  ( 271.5106749471391367, 51.71458988864115014, -543.0213498942781598 ) ) ;
#2086 = EDGE_CURVE ( 'NONE', #170, #296, #990, .T. ) ;
#2087 = DIRECTION ( 'NONE',  ( -1.000000000000000000, 0.000000000000000000, 0.000000000000000000 ) ) ;
#2088 = ORIENTED_EDGE ( 'NONE', *, *, #1354, .F. ) ;
#2089 = PRODUCT_RELATED_PRODUCT_CATEGORY ( 'part', '', ( #1389 ) ) ;
#2090 = DIRECTION ( 'NONE',  ( -0.000000000000000000, -0.000000000000000000, 1.000000000000000000 ) ) ;
#2091 = EDGE_LOOP ( 'NONE', ( #1499, #1860, #1343, #1697 ) ) ;
#2092 = B_SPLINE_CURVE_WITH_KNOTS ( 'NONE', 3,
 ( #410, #196, #398, #1739, #1767, #1358, #2325, #1573, #2337, #2314, #948, #760, #1171, #1930, #1941, #219, #1957, #774 ),
 .UNSPECIFIED., .F., .F.,
 ( 4, 2, 2, 2, 2, 2, 2, 2, 4 ),
 ( 0.02110599486411467857, 0.02198465604056359241, 0.02286331721701250277, 0.02374197839346141661, 0.02462063956991032698, 0.02549930074635924082, 0.02637796192280815466, 0.02725662309925706850, 0.02813528427570597887 ),
 .UNSPECIFIED. ) ;
#2093 = CARTESIAN_POINT ( 'NONE',  ( 274.9252820100501822, 389.0163553831189915, 163.7561989731343317 ) ) ;
#2094 = CARTESIAN_POINT ( 'NONE',  ( 160.3217237896144809, 5.021197216058748580, 320.6434475792291323 ) ) ;
#2095 = ORIENTED_EDGE ( 'NONE', *, *, #2413, .T. ) ;
#2096 = FACE_BOUND ( 'NONE', #734, .T. ) ;
#2097 = FACE_BOUND ( 'NONE', #1328, .T. ) ;
#2098 = CARTESIAN_POINT ( 'NONE',  ( 160.3217237896145662, 5.021197216058748580, 0.000000000000000000 ) ) ;
#2099 = EDGE_CURVE ( 'NONE', #1520, #2113, #876, .T. ) ;
#2100 = FACE_OUTER_BOUND ( 'NONE', #700, .T. ) ;
#2101 = CARTESIAN_POINT ( 'NONE',  ( -273.8014486274978481, 385.9205015005172186, -159.7555634588567841 ) ) ;
#2102 = CARTESIAN_POINT ( 'NONE',  ( 272.2523906999700216, 390.4836310533224832, -162.3811434808577303 ) ) ;
#2103 = CARTESIAN_POINT ( 'NONE',  ( -274.9684945763202109, 391.6406806441650588, -163.6836575611311275 ) ) ;
#2104 = EDGE_CURVE ( 'NONE', #1757, #2464, #1029, .T. ) ;
#2105 = FACE_BOUND ( 'NONE', #350, .T. ) ;
#2106 = LINE ( 'NONE', #786, #1909 ) ;
#2107 = EDGE_LOOP ( 'NONE', ( #367, #1308, #772, #2380 ) ) ;
#2108 = CARTESIAN_POINT ( 'NONE',  ( -4.043835741755164470, 392.1861083998530262, 319.9744679902783560 ) ) ;
#2109 = VECTOR ( 'NONE', #956, 1000.000000000000000 ) ;
#2110 = AXIS2_PLACEMENT_3D ( 'NONE', #2278, #2445, #726 ) ;
#2111 = DIRECTION ( 'NONE',  ( -0.8660254037844328234, 0.000000000000000000, 0.5000000000000101030 ) ) ;
#2112 = CARTESIAN_POINT ( 'NONE',  ( -276.7380412802158958, 389.5980353304919390, -154.6126120862416258 ) ) ;
#2113 = VERTEX_POINT ( 'NONE', #1977 ) ;
#2114 = CARTESIAN_POINT ( 'NONE',  ( -277.8487500187389401, 385.9186694644123463, 158.7455403993849359 ) ) ;
#2115 = CARTESIAN_POINT ( 'NONE',  ( 275.9957988698154736, 386.2824661511813247, 161.9456043668320717 ) ) ;
#2116 = DIRECTION ( 'NONE',  ( 0.000000000000000000, 0.000000000000000000, 1.000000000000000000 ) ) ;
#2117 = ORIENTED_EDGE ( 'NONE', *, *, #2148, .T. ) ;
#2118 = CARTESIAN_POINT ( 'NONE',  ( -1.164550319231860920, 394.5465616563476487, 316.9979911122585463 ) ) ;
#2119 = CARTESIAN_POINT ( 'NONE',  ( 174.8739957108788872, 7.128835295609105671, 0.000000000000000000 ) ) ;
#2120 = CARTESIAN_POINT ( 'NONE',  ( -139.1954009879374325, 3.279040902431347160, -1.704652022759098989E-14 ) ) ;
#2121 = CARTESIAN_POINT ( 'NONE',  ( -271.5106749471391367, 51.71458988864115014, -3.325046790083514307E-14 ) ) ;
#2122 = CARTESIAN_POINT ( 'NONE',  ( 90.93266739736654358, -8.817456953860914693E-16, 52.49999999999914735 ) ) ;
#2123 = CARTESIAN_POINT ( 'NONE',  ( -300.8588913245527579, 390.1899999999999977, 178.8971143170313951 ) ) ;
#2124 = DIRECTION ( 'NONE',  ( 0.000000000000000000, 0.000000000000000000, -1.000000000000000000 ) ) ;
#2125 = CARTESIAN_POINT ( 'NONE',  ( -274.8507262711514727, 390.4836973516747776, 163.8812932223217445 ) ) ;
#2126 = DIRECTION ( 'NONE',  ( 0.000000000000000000, 0.000000000000000000, -1.000000000000000000 ) ) ;
#2127 = ORIENTED_EDGE ( 'NONE', *, *, #1658, .F. ) ;
#2128 = DIRECTION ( 'NONE',  ( -0.000000000000000000, -1.000000000000000000, -0.000000000000000000 ) ) ;
#2129 = CARTESIAN_POINT ( 'NONE',  ( 7.332110811570579794E-13, -8.817456953860914693E-16, 105.0000000000000000 ) ) ;
#2130 = CARTESIAN_POINT ( 'NONE',  ( -258.3333333333333712, 0.000000000000000000, -3.163670897797329709E-14 ) ) ;
#2131 = B_SPLINE_CURVE_WITH_KNOTS ( 'NONE', 3,
 ( #1652, #1265, #163, #1500, #548, #2468, #933, #1690, #1480, #1463, #1289, #2080, #2277, #748, #1313, #2458, #362, #2250 ),
 .UNSPECIFIED., .F., .F.,
 ( 4, 2, 2, 2, 2, 2, 2, 2, 4 ),
 ( 0.02110599965867663783, 0.02198466105239069851, 0.02286332244610475919, 0.02374198383981881988, 0.02462064523353288403, 0.02549930662724694472, 0.02637796802096100540, 0.02725662941467506956, 0.02813529080838913024 ),
 .UNSPECIFIED. ) ;
#2132 = CARTESIAN_POINT ( 'NONE',  ( 276.2089477894352854, 387.2150158423789321, -155.5559715309395870 ) ) ;
#2133 = ORIENTED_EDGE ( 'NONE', *, *, #2340, .F. ) ;
#2134 = CARTESIAN_POINT ( 'NONE',  ( -4.500000000000007994, 390.1899999999999977, -319.9683578105810398 ) ) ;
#2135 = CARTESIAN_POINT ( 'NONE',  ( -90.93266739736586146, 3.000000000000000000, 52.50000000000041922 ) ) ;
#2136 = ORIENTED_EDGE ( 'NONE', *, *, #1396, .F. ) ;
#2137 = CARTESIAN_POINT ( 'NONE',  ( -274.9246837345610288, 391.3585703432729588, 163.7572031428773300 ) ) ;
#2138 = CARTESIAN_POINT ( 'NONE',  ( 274.8507262711502790, 390.1899999999999977, -163.8812932223236771 ) ) ;
#2139 = ORIENTED_EDGE ( 'NONE', *, *, #306, .T. ) ;
#2140 = DIRECTION ( 'NONE',  ( -0.000000000000000000, 1.000000000000000000, -0.000000000000000000 ) ) ;
#2141 = DIRECTION ( 'NONE',  ( 0.000000000000000000, 0.000000000000000000, -1.000000000000000000 ) ) ;
#2142 = FACE_OUTER_BOUND ( 'NONE', #2154, .T. ) ;
#2143 = CLOSED_SHELL ( 'NONE', ( #1059, #1843, #414, #1008, #243, #1290, #143, #1302, #1020, #402, #2265, #510, #1130, #113, #921, #852, #1923, #1812, #765, #293, #1889, #395, #512, #2075, #1105, #2046, #566, #779, #1536, #229, #1442, #1615, #1098, #653, #1884, #955, #992, #811, #751, #1178, #339, #943, #2074, #675 ) ) ;
#2144 = CARTESIAN_POINT ( 'NONE',  ( 273.8034244655768816, 385.9190539997342171, -159.7521798484810347 ) ) ;
#2145 = EDGE_CURVE ( 'NONE', #197, #168, #1628, .T. ) ;
#2146 = CARTESIAN_POINT ( 'NONE',  ( 279.0604159465879093, 392.4441776428203070, -156.6055903428322722 ) ) ;
#2147 = CARTESIAN_POINT ( 'NONE',  ( -278.2493874613085723, 394.0945966113253007, -158.0422027198872854 ) ) ;
#2148 = EDGE_CURVE ( 'NONE', #2454, #1125, #1408, .T. ) ;
#2149 = CARTESIAN_POINT ( 'NONE',  ( -3.574844142250386714, 387.4408797605231030, 319.9800735669209644 ) ) ;
#2150 = VECTOR ( 'NONE', #821, 1000.000000000000000 ) ;
#2151 = ORIENTED_EDGE ( 'NONE', *, *, #555, .F. ) ;
#2152 = CARTESIAN_POINT ( 'NONE',  ( -272.2523906999711016, 390.4836310533224832, 162.3811434808558261 ) ) ;
#2153 = CARTESIAN_POINT ( 'NONE',  ( -90.93266739736617410, 0.000000000000000000, -57.99999999999977973 ) ) ;
#2154 = EDGE_LOOP ( 'NONE', ( #1187, #97, #407, #181, #2366 ) ) ;
#2155 = DIRECTION ( 'NONE',  ( 0.000000000000000000, 0.000000000000000000, -1.000000000000000000 ) ) ;
#2156 = DIRECTION ( 'NONE',  ( 0.000000000000000000, -1.000000000000000000, 0.000000000000000000 ) ) ;
#2157 = CARTESIAN_POINT ( 'NONE',  ( -320.0000000000000000, 83.33333333333335702, -3.918869757271530421E-14 ) ) ;
#2158 = CARTESIAN_POINT ( 'NONE',  ( -316.1768662589612404, 135.6029410036696845, -3.872049872284776558E-14 ) ) ;
#2159 = EDGE_CURVE ( 'NONE', #1729, #2406, #1428, .T. ) ;
#2160 = CARTESIAN_POINT ( 'NONE',  ( -90.93266739736617410, -8.817456953860914693E-16, -52.49999999999978684 ) ) ;
#2161 = CARTESIAN_POINT ( 'NONE',  ( 273.9475564364045113, 394.5473773031233122, 159.5049183530573202 ) ) ;
#2162 = CARTESIAN_POINT ( 'NONE',  ( -4.470861824201581847, 389.5988740119746581, 319.9687715664679217 ) ) ;
#2163 = FACE_BOUND ( 'NONE', #1421, .T. ) ;
#2164 = CARTESIAN_POINT ( 'NONE',  ( -276.6823786008434922, 389.0251247258512990, 154.7121993899735060 ) ) ;
#2165 = ORIENTED_EDGE ( 'NONE', *, *, #577, .T. ) ;
#2166 = CARTESIAN_POINT ( 'NONE',  ( -3.388695590974114324, 393.1653872035299742, 316.9819551098732404 ) ) ;
#2167 = CARTESIAN_POINT ( 'NONE',  ( -4.500000000000007994, 389.8926031759462489, 316.9680583276492030 ) ) ;
#2168 = FACE_OUTER_BOUND ( 'NONE', #2063, .T. ) ;
#2169 = CARTESIAN_POINT ( 'NONE',  ( -9.356994741188509429E-23, 394.6899999999999977, 320.0000000000000000 ) ) ;
#2170 = CARTESIAN_POINT ( 'NONE',  ( -314.4035070647304906, 125.0926478796915688, -3.850332485675244047E-14 ) ) ;
#2171 = EDGE_CURVE ( 'NONE', #1510, #248, #2372, .T. ) ;
#2172 = DIRECTION ( 'NONE',  ( 0.8660254037844397068, 0.000000000000000000, 0.4999999999999979461 ) ) ;
#2173 = CARTESIAN_POINT ( 'NONE',  ( 0.000000000000000000, 704.2053900641531072, 202.2954308275951121 ) ) ;
#2174 = ORIENTED_EDGE ( 'NONE', *, *, #840, .T. ) ;
#2175 = CARTESIAN_POINT ( 'NONE',  ( -90.93266739736617410, 0.000000000000000000, -52.49999999999978684 ) ) ;
#2176 = CARTESIAN_POINT ( 'NONE',  ( -90.93266739736617410, 0.000000000000000000, -52.49999999999978684 ) ) ;
#2177 = ORIENTED_EDGE ( 'NONE', *, *, #1284, .T. ) ;
#2178 = CARTESIAN_POINT ( 'NONE',  ( 279.3507262711503358, 390.1899999999999977, -156.0870645882637575 ) ) ;
#2179 = LINE ( 'NONE', #662, #907 ) ;
#2180 = CARTESIAN_POINT ( 'NONE',  ( 271.5106749471390231, 51.71458988864115014, 543.0213498942782735 ) ) ;
#2181 = DIRECTION ( 'NONE',  ( -0.000000000000000000, 1.000000000000000000, -0.000000000000000000 ) ) ;
#2182 = CARTESIAN_POINT ( 'NONE',  ( -275.7480300464249012, 386.6083128463777712, -162.3671262695809219 ) ) ;
#2183 = TOROIDAL_SURFACE ( 'NONE', #345, 197.2954308275950837, 5.000000000000016875 ) ;
#2184 = CARTESIAN_POINT ( 'NONE',  ( 276.6823863118614781, 391.3554265736014486, 154.7121857294546885 ) ) ;
#2185 = CARTESIAN_POINT ( 'NONE',  ( -272.4861245132279350, 392.1870454327909670, -161.9886557490922030 ) ) ;
#2186 = CARTESIAN_POINT ( 'NONE',  ( -276.2995921613837140, 392.9403631488758037, 155.3948596767630193 ) ) ;
#2187 = AXIS2_PLACEMENT_3D ( 'NONE', #47, #1591, #1743 ) ;
#2188 = FACE_OUTER_BOUND ( 'NONE', #602, .T. ) ;
#2189 = ORIENTED_EDGE ( 'NONE', *, *, #1916, .T. ) ;
#2190 = EDGE_CURVE ( 'NONE', #747, #1006, #1487, .T. ) ;
#2191 = CARTESIAN_POINT ( 'NONE',  ( 278.6021695457453120, 386.7982021110378241, -157.4194217106626468 ) ) ;
#2192 = DIRECTION ( 'NONE',  ( 0.000000000000000000, 0.000000000000000000, -1.000000000000000000 ) ) ;
#2193 = VECTOR ( 'NONE', #1819, 1000.000000000000227 ) ;
#2194 = CARTESIAN_POINT ( 'NONE',  ( -292.0422696846608233, 74.70096701306968612, 584.0845393693213055 ) ) ;
#2195 = CARTESIAN_POINT ( 'NONE',  ( -4.356356580263970990, 391.3560409584430886, -316.9700703108498487 ) ) ;
#2196 = CARTESIAN_POINT ( 'NONE',  ( 0.000000000000000000, 390.1899999999999977, 350.0000000000000000 ) ) ;
#2197 = CARTESIAN_POINT ( 'NONE',  ( 276.5307003630902045, 392.1814545063087394, 154.9831742963533259 ) ) ;
#2198 = CARTESIAN_POINT ( 'NONE',  ( 2.254178251976254099, 386.2841844249894052, 319.9921540523420731 ) ) ;
#2199 = CARTESIAN_POINT ( 'NONE',  ( -273.9444269252783215, 394.5457268233213313, 159.5102933032483747 ) ) ;
#2200 = DIRECTION ( 'NONE',  ( 0.8660254037844397068, 0.000000000000000000, 0.4999999999999979461 ) ) ;
#2201 = EDGE_LOOP ( 'NONE', ( #1664, #562 ) ) ;
#2202 = CARTESIAN_POINT ( 'NONE',  ( 0.000000000000000000, 276.6677123335954320, 317.0000000000000000 ) ) ;
#2203 = CARTESIAN_POINT ( 'NONE',  ( -1.995617512032541674, 386.1459448417079443, -319.9938931346060826 ) ) ;
#2204 = CARTESIAN_POINT ( 'NONE',  ( 304.1219733709100979, 95.42234073877372680, 7.448840024781231437E-14 ) ) ;
#2205 = CARTESIAN_POINT ( 'NONE',  ( 278.8071705827142637, 393.1649840806185807, -157.0560560738902893 ) ) ;
#2206 = CARTESIAN_POINT ( 'NONE',  ( 2.971760964977878228, 393.5821731651103619, 319.9862696238419630 ) ) ;
#2207 = DIRECTION ( 'NONE',  ( 0.000000000000000000, 0.000000000000000000, -1.000000000000000000 ) ) ;
#2208 = DIRECTION ( 'NONE',  ( 0.000000000000000000, 0.000000000000000000, 1.000000000000000000 ) ) ;
#2209 = EDGE_CURVE ( 'NONE', #2239, #44, #227, .T. ) ;
#2210 = CARTESIAN_POINT ( 'NONE',  ( 3.576815009661840072, 387.4433127115657953, 319.9800517699243301 ) ) ;
#2211 = CARTESIAN_POINT ( 'NONE',  ( 273.5281153812416619, 386.1448821310760309, 160.2231051457911235 ) ) ;
#2212 = CARTESIAN_POINT ( 'NONE',  ( -0.2934494014079071511, 394.6899999999999409, -319.9999999999999432 ) ) ;
#2213 = EDGE_LOOP ( 'NONE', ( #2443, #1241, #2177, #2249, #1980 ) ) ;
#2214 = DIRECTION ( 'NONE',  ( -0.000000000000000000, 1.000000000000000000, -0.000000000000000000 ) ) ;
#2215 = CARTESIAN_POINT ( 'NONE',  ( 0.000000000000000000, 704.2053900641531072, 0.000000000000000000 ) ) ;
#2216 = CARTESIAN_POINT ( 'NONE',  ( -317.0000000000000000, 150.0000000000000284, -3.882130353297109876E-14 ) ) ;
#2217 = CARTESIAN_POINT ( 'NONE',  ( 278.1194630639570278, 394.2351179764718268, -158.2707730175030463 ) ) ;
#2218 = CARTESIAN_POINT ( 'NONE',  ( -4.500000000000005329, 390.4837870819512204, -316.9680583276491461 ) ) ;
#2219 = CARTESIAN_POINT ( 'NONE',  ( -272.3711370925823303, 391.6457591953352448, -162.1819235381365729 ) ) ;
#2220 = VERTEX_POINT ( 'NONE', #169 ) ;
#2221 = EDGE_CURVE ( 'NONE', #747, #1582, #1386, .T. ) ;
#2222 = CARTESIAN_POINT ( 'NONE',  ( 272.4857111829782639, 388.1943105393059454, 161.9893513886259200 ) ) ;
#2223 = AXIS2_PLACEMENT_3D ( 'NONE', #129, #691, #1974 ) ;
#2224 = CARTESIAN_POINT ( 'NONE',  ( -273.0311444750748819, 386.7998879782918493, -161.0684241697056791 ) ) ;
#2225 = AXIS2_PLACEMENT_3D ( 'NONE', #1570, #267, #86 ) ;
#2226 = ORIENTED_EDGE ( 'NONE', *, *, #1479, .F. ) ;
#2227 = DIRECTION ( 'NONE',  ( -0.000000000000000000, -1.000000000000000000, -0.000000000000000000 ) ) ;
#2228 = CIRCLE ( 'NONE', #1110, 320.0000000000000000 ) ;
#2229 = CARTESIAN_POINT ( 'NONE',  ( -148.9930312403102732, 3.868073794247531172, 297.9860624806204896 ) ) ;
#2230 = AXIS2_PLACEMENT_3D ( 'NONE', #260, #80, #1423 ) ;
#2231 = CARTESIAN_POINT ( 'NONE',  ( 278.6031082114844253, 393.5801120617828133, -157.4177601566087219 ) ) ;
#2232 = CARTESIAN_POINT ( 'NONE',  ( 274.8656742070298833, 390.7796889604188095, 163.8562309190714927 ) ) ;
#2233 = CARTESIAN_POINT ( 'NONE',  ( -274.9694464007973806, 388.7342411116208609, -163.6820582398487716 ) ) ;
#2234 = CARTESIAN_POINT ( 'NONE',  ( 272.2523906999733754, 390.1899999999999977, 162.3811434808520175 ) ) ;
#2235 = CARTESIAN_POINT ( 'NONE',  ( -276.7385123064451591, 390.7754574360034212, -154.6117690049079556 ) ) ;
#2236 = ORIENTED_EDGE ( 'NONE', *, *, #1978, .T. ) ;
#2237 = CARTESIAN_POINT ( 'NONE',  ( 274.8247063900402622, 385.7191557852847836, 157.9888098610718430 ) ) ;
#2238 = CARTESIAN_POINT ( 'NONE',  ( -272.2523906999711585, 389.8963026165785664, 162.3811434808559113 ) ) ;
#2239 = VERTEX_POINT ( 'NONE', #533 ) ;
#2240 = B_SPLINE_CURVE_WITH_KNOTS ( 'NONE', 3,
 ( #1938, #1168, #619, #2322 ),
 .UNSPECIFIED., .F., .F.,
 ( 4, 4 ),
 ( 0.000000000000000000, 1.000000000000000000 ),
 .UNSPECIFIED. ) ;
#2241 = CARTESIAN_POINT ( 'NONE',  ( -279.2806978778568237, 391.3548750447361613, 156.2123396571038256 ) ) ;
#2242 = CARTESIAN_POINT ( 'NONE',  ( 90.93266739736543514, 3.000000000000000000, -52.50000000000105871 ) ) ;
#2243 = CARTESIAN_POINT ( 'NONE',  ( 1.450456936141887754, 394.4599091979889067, -319.9968274068806977 ) ) ;
#2244 = CARTESIAN_POINT ( 'NONE',  ( 275.4181196695390099, 393.1649840806185807, 162.9260644449475137 ) ) ;
#2245 = CARTESIAN_POINT ( 'NONE',  ( -228.2936883607636105, 23.87575321960808239, -2.795791347165525117E-14 ) ) ;
#2246 = DIRECTION ( 'NONE',  ( 0.000000000000000000, 0.000000000000000000, 1.000000000000000000 ) ) ;
#2247 = ORIENTED_EDGE ( 'NONE', *, *, #320, .T. ) ;
#2248 = DIRECTION ( 'NONE',  ( 0.000000000000000000, 0.000000000000000000, 1.000000000000000000 ) ) ;
#2249 = ORIENTED_EDGE ( 'NONE', *, *, #1701, .T. ) ;
#2250 = CARTESIAN_POINT ( 'NONE',  ( 4.500000000000007994, 390.1899999999999977, -316.9680583276492030 ) ) ;
#2251 = EDGE_CURVE ( 'NONE', #269, #2353, #2064, .T. ) ;
#2252 = DIRECTION ( 'NONE',  ( 0.000000000000000000, 0.000000000000000000, 1.000000000000000000 ) ) ;
#2253 = ORIENTED_EDGE ( 'NONE', *, *, #66, .F. ) ;
#2254 = CARTESIAN_POINT ( 'NONE',  ( -9.356994741188509429E-23, 394.6899999999999977, 320.0000000000000000 ) ) ;
#2255 = CARTESIAN_POINT ( 'NONE',  ( -316.9999999999999432, 150.0000000000000284, -633.9999999999998863 ) ) ;
#2256 = CARTESIAN_POINT ( 'NONE',  ( -4.500000000000007994, 390.1899999999999977, -316.9680583276492030 ) ) ;
#2257 = DIRECTION ( 'NONE',  ( 0.000000000000000000, 0.000000000000000000, 1.000000000000000000 ) ) ;
#2258 = ORIENTED_EDGE ( 'NONE', *, *, #659, .T. ) ;
#2259 = FACE_OUTER_BOUND ( 'NONE', #708, .T. ) ;
#2260 = VERTEX_POINT ( 'NONE', #1498 ) ;
#2261 = CIRCLE ( 'NONE', #2467, 125.0000000000000000 ) ;
#2262 = CARTESIAN_POINT ( 'NONE',  ( -278.4915905090616093, 393.7663876729027379, 157.6150200163709201 ) ) ;
#2263 = AXIS2_PLACEMENT_3D ( 'NONE', #432, #1558, #406 ) ;
#2265 = ADVANCED_FACE ( 'NONE', ( #2259 ), #1124, .F. ) ;
#2264 = CARTESIAN_POINT ( 'NONE',  ( 4.470584275248109307, 389.5981694610060231, 316.9684797910234124 ) ) ;
#2266 = ORIENTED_EDGE ( 'NONE', *, *, #1331, .T. ) ;
#2267 = CARTESIAN_POINT ( 'NONE',  ( -0.2935823488469813669, 394.6899999999999409, 319.9999999999998863 ) ) ;
#2268 = CARTESIAN_POINT ( 'NONE',  ( 276.1262416417363852, 394.2351179764718268, 161.7231337915237077 ) ) ;
#2269 = VECTOR ( 'NONE', #1644, 1000.000000000000000 ) ;
#2271 = CARTESIAN_POINT ( 'NONE',  ( -314.4035070647304337, 125.0926478796915831, -628.8070141294608675 ) ) ;
#2270 = AXIS2_PLACEMENT_3D ( 'NONE', #87, #76, #1967 ) ;
#2272 = PRODUCT_DEFINITION_FORMATION_WITH_SPECIFIED_SOURCE ( 'ANY', '', #1389, .NOT_KNOWN. ) ;
#2273 = PRESENTATION_STYLE_ASSIGNMENT (( #1506 ) ) ;
#2274 = VERTEX_POINT ( 'NONE', #544 ) ;
#2275 = CARTESIAN_POINT ( 'NONE',  ( -275.4168666005566593, 387.2178446575114776, 162.9281822285965120 ) ) ;
#2276 = EDGE_LOOP ( 'NONE', ( #272, #1356, #1768, #1299 ) ) ;
#2277 = CARTESIAN_POINT ( 'NONE',  ( 4.043703369806901371, 392.1860612364430949, -316.9742277860509034 ) ) ;
#2278 = CARTESIAN_POINT ( 'NONE',  ( 303.1088913245515073, 390.1899999999999977, -175.0000000000035243 ) ) ;
#2279 = ORIENTED_EDGE ( 'NONE', *, *, #2424, .T. ) ;
#2280 = CARTESIAN_POINT ( 'NONE',  ( 0.000000000000000000, 449.9999999999999432, 0.000000000000000000 ) ) ;
#2281 = CARTESIAN_POINT ( 'NONE',  ( -90.93266739736586146, 3.000000000000000000, 52.50000000000041922 ) ) ;
#2282 = CARTESIAN_POINT ( 'NONE',  ( -174.8739957108788303, 7.128835295609106559, -349.7479914217577175 ) ) ;
#2283 = EDGE_CURVE ( 'NONE', #1073, #393, #352, .T. ) ;
#2284 =( BOUNDED_SURFACE ( )  B_SPLINE_SURFACE ( 3, 3, ( 
 ( #189, #2294, #2255, #1139 ),
 ( #1695, #954, #331, #2462 ),
 ( #927, #753, #764, #1504 ),
 ( #937, #719, #1494, #2475 ),
 ( #1092, #1484, #2271, #1704 ),
 ( #540, #1718, #1525, #156 ),
 ( #1318, #8, #1282, #1119 ),
 ( #2437, #1671, #565, #1304 ),
 ( #742, #2085, #2073, #1515 ),
 ( #366, #553, #1872, #1897 ),
 ( #914, #2050, #1684, #2245 ),
 ( #1858, #142, #2450, #901 ),
 ( #530, #730, #1129, #1294 ),
 ( #176, #2060, #2282, #1325 ),
 ( #2098, #374, #343, #1104 ),
 ( #357, #225, #802, #1336 ),
 ( #2304, #1577, #605, #2120 ),
 ( #211, #1204, #390, #966 ),
 ( #991, #1772, #1783, #976 ),
 ( #1350, #1176, #823, #1760 ) ),
 .UNSPECIFIED., .F., .F., .T. ) 
 B_SPLINE_SURFACE_WITH_KNOTS ( ( 4, 1, 1, 1, 1, 1, 1, 1, 1, 1, 1, 1, 1, 1, 1, 1, 1, 4 ),
 ( 4, 4 ),
 ( 0.000000000000000000, 0.03125000000000000000, 0.06250000000000000000, 0.1250000000000000000, 0.1875000000000000000, 0.2500000000000000000, 0.3750000000000000000, 0.5000000000000000000, 0.6250000000000000000, 0.6875000000000000000, 0.7500000000000000000, 0.8125000000000000000, 0.8750000000000000000, 0.9062500000000000000, 0.9375000000000000000, 0.9687500000000000000, 0.9843750000000000000, 1.000000000000000000 ),
 ( 0.000000000000000000, 1.000000000000000000 ),
 .UNSPECIFIED. ) 
 GEOMETRIC_REPRESENTATION_ITEM ( )  RATIONAL_B_SPLINE_SURFACE ( (
 ( 1.000000000000000000, 0.3333333333333334259, 0.3333333333333334259, 1.000000000000000000),
 ( 1.000000000000000000, 0.3333333333333334259, 0.3333333333333334259, 1.000000000000000000),
 ( 1.000000000000000000, 0.3333333333333334259, 0.3333333333333334259, 1.000000000000000000),
 ( 1.000000000000000000, 0.3333333333333334259, 0.3333333333333334259, 1.000000000000000000),
 ( 1.000000000000000000, 0.3333333333333334259, 0.3333333333333334259, 1.000000000000000000),
 ( 1.000000000000000000, 0.3333333333333334259, 0.3333333333333334259, 1.000000000000000000),
 ( 1.000000000000000000, 0.3333333333333334259, 0.3333333333333334259, 1.000000000000000000),
 ( 1.000000000000000000, 0.3333333333333334259, 0.3333333333333334259, 1.000000000000000000),
 ( 1.000000000000000000, 0.3333333333333334259, 0.3333333333333334259, 1.000000000000000000),
 ( 1.000000000000000000, 0.3333333333333334259, 0.3333333333333334259, 1.000000000000000000),
 ( 1.000000000000000000, 0.3333333333333334259, 0.3333333333333334259, 1.000000000000000000),
 ( 1.000000000000000000, 0.3333333333333334259, 0.3333333333333334259, 1.000000000000000000),
 ( 1.000000000000000000, 0.3333333333333334259, 0.3333333333333334259, 1.000000000000000000),
 ( 1.000000000000000000, 0.3333333333333334259, 0.3333333333333334259, 1.000000000000000000),
 ( 1.000000000000000000, 0.3333333333333334259, 0.3333333333333334259, 1.000000000000000000),
 ( 1.000000000000000000, 0.3333333333333334259, 0.3333333333333334259, 1.000000000000000000),
 ( 1.000000000000000000, 0.3333333333333334259, 0.3333333333333334259, 1.000000000000000000),
 ( 1.000000000000000000, 0.3333333333333334259, 0.3333333333333334259, 1.000000000000000000),
 ( 1.000000000000000000, 0.3333333333333334259, 0.3333333333333334259, 1.000000000000000000),
 ( 1.000000000000000000, 0.3333333333333334259, 0.3333333333333334259, 1.000000000000000000) ) ) 
 REPRESENTATION_ITEM ( '' )  SURFACE ( )  );
#2285 = CARTESIAN_POINT ( 'NONE',  ( -317.0000000000000000, 150.0000000000000284, -3.882130353297109876E-14 ) ) ;
#2286 = CARTESIAN_POINT ( 'NONE',  ( -272.3699084180630621, 388.7408729784943944, 162.1839873322113021 ) ) ;
#2287 = ORIENTED_EDGE ( 'NONE', *, *, #379, .F. ) ;
#2288 = CARTESIAN_POINT ( 'NONE',  ( -278.6021695457463920, 386.7982021110378241, 157.4194217106607141 ) ) ;
#2289 = ORIENTED_EDGE ( 'NONE', *, *, #2145, .F. ) ;
#2290 = CARTESIAN_POINT ( 'NONE',  ( 275.1561695641612459, 387.9304312338624641, 163.3680182691690561 ) ) ;
#2291 = CARTESIAN_POINT ( 'NONE',  ( 3.576814939019701711, 392.9366873603437398, 316.9798629743386300 ) ) ;
#2292 = VERTEX_POINT ( 'NONE', #1851 ) ;
#2293 = DIRECTION ( 'NONE',  ( -0.000000000000000000, -1.000000000000000000, -0.000000000000000000 ) ) ;
#2294 = CARTESIAN_POINT ( 'NONE',  ( 317.0000000000000000, 150.0000000000000284, -633.9999999999998863 ) ) ;
#2295 = DIRECTION ( 'NONE',  ( 0.000000000000000000, 0.000000000000000000, -1.000000000000000000 ) ) ;
#2296 = CARTESIAN_POINT ( 'NONE',  ( -272.2673420381682945, 389.6003109048467650, -162.3560831252547132 ) ) ;
#2297 = CARTESIAN_POINT ( 'NONE',  ( 275.6487665784881074, 394.0975337670343492, -156.5465338209952222 ) ) ;
#2298 = CARTESIAN_POINT ( 'NONE',  ( -275.9937356927608789, 394.0953426832020909, -161.9491228052266933 ) ) ;
#2299 = ORIENTED_EDGE ( 'NONE', *, *, #1488, .F. ) ;
#2300 = CARTESIAN_POINT ( 'NONE',  ( 277.2783694529387617, 385.6902511000408253, 159.7397692054697984 ) ) ;
#2301 = DIRECTION ( 'NONE',  ( -0.000000000000000000, 1.000000000000000000, -0.000000000000000000 ) ) ;
#2302 = EDGE_LOOP ( 'NONE', ( #744, #108, #1292, #13 ) ) ;
#2303 = CARTESIAN_POINT ( 'NONE',  ( 1.450457175391933529, 385.9200908839919180, -316.9967973809941100 ) ) ;
#2304 = CARTESIAN_POINT ( 'NONE',  ( 139.1954009879374325, 3.279040902431347160, 0.000000000000000000 ) ) ;
#2305 = AXIS2_PLACEMENT_3D ( 'NONE', #938, #1108, #2295 ) ;
#2306 = CIRCLE ( 'NONE', #388, 5.499999999999991118 ) ;
#2307 = CARTESIAN_POINT ( 'NONE',  ( 276.4621446378695282, 387.9358221490450660, -155.1054778439775532 ) ) ;
#2308 = CARTESIAN_POINT ( 'NONE',  ( -272.8187524901137522, 387.2172377992587258, 161.4279171458595670 ) ) ;
#2309 = ORIENTED_EDGE ( 'NONE', *, *, #1284, .F. ) ;
#2310 = DIRECTION ( 'NONE',  ( 0.000000000000000000, 0.000000000000000000, 1.000000000000000000 ) ) ;
#2311 = CARTESIAN_POINT ( 'NONE',  ( -4.500000000000007994, 390.1899999999999977, 319.9683578105810398 ) ) ;
#2312 = ORIENTED_EDGE ( 'NONE', *, *, #1476, .F. ) ;
#2313 = CARTESIAN_POINT ( 'NONE',  ( -275.4169754902455338, 393.1627623350315730, 162.9280017554657718 ) ) ;
#2314 = CARTESIAN_POINT ( 'NONE',  ( 3.388695717768709592, 387.2146129264057208, -319.9821242888103825 ) ) ;
#2315 = ORIENTED_EDGE ( 'NONE', *, *, #953, .F. ) ;
#2316 = CARTESIAN_POINT ( 'NONE',  ( 4.470808334329805511, 389.6001784587927546, -316.9684765778554265 ) ) ;
#2317 = CARTESIAN_POINT ( 'NONE',  ( 316.1768662589612404, 135.6029410036696845, 0.000000000000000000 ) ) ;
#2318 = CARTESIAN_POINT ( 'NONE',  ( 272.8187524901125585, 387.2172377992587258, -161.4279171458615565 ) ) ;
#2319 = ORIENTED_EDGE ( 'NONE', *, *, #1719, .F. ) ;
#2320 = CARTESIAN_POINT ( 'NONE',  ( -279.3507262711515295, 390.1899999999999977, 156.0870645882618533 ) ) ;
#2321 = EDGE_CURVE ( 'NONE', #1740, #1520, #930, .T. ) ;
#2322 = CARTESIAN_POINT ( 'NONE',  ( 320.0000000000000000, 150.0000000000000284, 0.000000000000000000 ) ) ;
#2323 = ORIENTED_EDGE ( 'NONE', *, *, #1659, .T. ) ;
#2324 = CARTESIAN_POINT ( 'NONE',  ( 277.4240445032189655, 385.7195549726227455, 159.4866208952039415 ) ) ;
#2325 = CARTESIAN_POINT ( 'NONE',  ( 2.253261876965694910, 386.2837187068107028, -319.9921600257818000 ) ) ;
#2326 = ORIENTED_EDGE ( 'NONE', *, *, #2436, .F. ) ;
#2327 = CARTESIAN_POINT ( 'NONE',  ( 3.882130362653544842E-14, 385.6899999999999977, -317.0000000000000000 ) ) ;
#2328 = DIRECTION ( 'NONE',  ( 0.000000000000000000, -1.000000000000000000, 0.000000000000000000 ) ) ;
#2329 = EDGE_CURVE ( 'NONE', #2260, #1006, #111, .T. ) ;
#2330 = DIRECTION ( 'NONE',  ( 0.000000000000000000, 0.000000000000000000, 1.000000000000000000 ) ) ;
#2331 = EDGE_CURVE ( 'NONE', #1159, #1531, #947, .T. ) ;
#2332 = CARTESIAN_POINT ( 'NONE',  ( -316.8828954391833577, 143.8969930750951676, -3.880696236041413163E-14 ) ) ;
#2333 = ORIENTED_EDGE ( 'NONE', *, *, #1120, .F. ) ;
#2334 = CARTESIAN_POINT ( 'NONE',  ( 273.1498583448794193, 393.7716869984235473, 160.8670713781481254 ) ) ;
#2335 = LINE ( 'NONE', #1976, #1184 ) ;
#2336 = CARTESIAN_POINT ( 'NONE',  ( -276.6813503363918016, 391.3636445578464986, 154.7140386858154955 ) ) ;
#2337 = CARTESIAN_POINT ( 'NONE',  ( 2.973394448850279925, 386.7995557286865846, -319.9862529054942115 ) ) ;
#2338 = VERTEX_POINT ( 'NONE', #2134 ) ;
#2339 = CARTESIAN_POINT ( 'NONE',  ( 0.2935824256760771189, 385.6900000000000546, -316.9999999999999432 ) ) ;
#2340 = EDGE_CURVE ( 'NONE', #149, #782, #405, .T. ) ;
#2341 = CARTESIAN_POINT ( 'NONE',  ( -258.3333333333333144, 0.000000000000000000, -516.6666666666666288 ) ) ;
#2343 = CARTESIAN_POINT ( 'NONE',  ( -292.0422696846607096, 74.70096701306968612, -3.576486307850478571E-14 ) ) ;
#2342 = AXIS2_PLACEMENT_3D ( 'NONE', #120, #1456, #1270 ) ;
#2344 = B_SPLINE_CURVE_WITH_KNOTS ( 'NONE', 3,
 ( #2169, #679, #119, #837, #453, #1809, #476, #1439, #2206, #317, #1220, #302, #878, #1454, #1613, #1643, #1984, #262 ),
 .UNSPECIFIED., .F., .F.,
 ( 4, 2, 2, 2, 2, 2, 2, 2, 4 ),
 ( 0.007036208581306028879, 0.007915336364564651284, 0.008794464147823272820, 0.009673591931081896092, 0.01055271971434051763, 0.01143184749759914090, 0.01231097528085776244, 0.01319010306411638571, 0.01406923084737500725 ),
 .UNSPECIFIED. ) ;
#2345 = CARTESIAN_POINT ( 'NONE',  ( 274.9246837345598351, 391.3585703432729588, -163.7572031428792627 ) ) ;
#2346 = CARTESIAN_POINT ( 'NONE',  ( 272.3711370925835240, 391.6457591953352448, 162.1819235381346118 ) ) ;
#2347 = AXIS2_PLACEMENT_3D ( 'NONE', #1798, #1602, #665 ) ;
#2348 = DIRECTION ( 'NONE',  ( -1.000000000000000000, 0.000000000000000000, 0.000000000000000000 ) ) ;
#2349 = CIRCLE ( 'NONE', #715, 5.499999999999991118 ) ;
#2350 = ORIENTED_EDGE ( 'NONE', *, *, #326, .T. ) ;
#2351 = CARTESIAN_POINT ( 'NONE',  ( -276.5293532602196933, 392.1870454327910238, 154.9855781326795920 ) ) ;
#2352 = CARTESIAN_POINT ( 'NONE',  ( -276.0049193160296568, 386.7998879782919062, 155.9176950549019409 ) ) ;
#2353 = VERTEX_POINT ( 'NONE', #596 ) ;
#2354 = DIRECTION ( 'NONE',  ( 0.000000000000000000, 0.000000000000000000, -1.000000000000000000 ) ) ;
#2355 = CARTESIAN_POINT ( 'NONE',  ( -2.975413779193818886, 386.8013328079088637, -319.9862340295305785 ) ) ;
#2356 = EDGE_CURVE ( 'NONE', #1740, #1518, #1443, .T. ) ;
#2357 = CARTESIAN_POINT ( 'NONE',  ( 317.0000000000000000, 147.9576209620995826, 7.764260706594219753E-14 ) ) ;
#2358 = CARTESIAN_POINT ( 'NONE',  ( -279.3507262711515295, 390.1899999999999977, 156.0870645882618533 ) ) ;
#2359 = CARTESIAN_POINT ( 'NONE',  ( 276.5297490366029365, 388.1943105393059454, -154.9848723584163679 ) ) ;
#2360 = DIRECTION ( 'NONE',  ( 0.8660254037844363761, 0.000000000000000000, -0.5000000000000039968 ) ) ;
#2361 = EDGE_CURVE ( 'NONE', #321, #857, #19, .T. ) ;
#2362 = FACE_BOUND ( 'NONE', #282, .T. ) ;
#2363 = ORIENTED_EDGE ( 'NONE', *, *, #370, .T. ) ;
#2364 = CARTESIAN_POINT ( 'NONE',  ( -276.6392343649424674, 391.6457591953352448, 154.7893622107628175 ) ) ;
#2365 = DIRECTION ( 'NONE',  ( -0.000000000000000000, -1.000000000000000000, -0.000000000000000000 ) ) ;
#2366 = ORIENTED_EDGE ( 'NONE', *, *, #584, .F. ) ;
#2367 = CARTESIAN_POINT ( 'NONE',  ( 274.9684257753946781, 388.7401068985097368, -163.6837725152746827 ) ) ;
#2368 = CARTESIAN_POINT ( 'NONE',  ( -2.746448327307609460, 386.6130411138320824, 316.9881978716873618 ) ) ;
#2369 = CARTESIAN_POINT ( 'NONE',  ( -292.0422696846607096, 74.70096701306968612, -3.576486307850478571E-14 ) ) ;
#2370 = CARTESIAN_POINT ( 'NONE',  ( -1.451079213132704160, 394.4598056796252763, -316.9967957281116355 ) ) ;
#2371 = CARTESIAN_POINT ( 'NONE',  ( -275.9957988698143367, 386.2824661511813247, -161.9456043668340044 ) ) ;
#2372 = B_SPLINE_CURVE_WITH_KNOTS ( 'NONE', 3,
 ( #1460, #2428, #2417, #1447, #698, #2222, #334, #1475, #1261, #1877, #309, #511, #2211, #1095, #161, #883, #495, #1084, #2237, #146, #906, #2078, #1888, #1276, #918, #723, #1310, #360, #523, #1286, #1071, #2027, #1688, #134 ),
 .UNSPECIFIED., .F., .F.,
 ( 4, 2, 2, 2, 2, 2, 2, 2, 2, 2, 2, 2, 2, 2, 2, 2, 4 ),
 ( 0.000000000000000000, 0.0008793271336006830939, 0.001758654267201366188, 0.002637981400802049282, 0.003517308534402732376, 0.004396635668003415903, 0.005275962801604098563, 0.006155289935204781224, 0.007034617068805464751, 0.007913944202406148279, 0.008793271336006831806, 0.009672598469607513599, 0.01055192560320819713, 0.01143125273680888065, 0.01231057987040956245, 0.01318990700401024597, 0.01406923413761092950 ),
 .UNSPECIFIED. ) ;
#2373 = CARTESIAN_POINT ( 'NONE',  ( 276.7385123064461254, 390.7754574360034212, 154.6117690049059945 ) ) ;
#2374 = EDGE_CURVE ( 'NONE', #1023, #2056, #1720, .T. ) ;
#2375 = CARTESIAN_POINT ( 'NONE',  ( 0.000000000000000000, 0.000000000000000000, -105.0000000000000000 ) ) ;
#2376 = ORIENTED_EDGE ( 'NONE', *, *, #1561, .F. ) ;
#2377 = B_SPLINE_CURVE_WITH_KNOTS ( 'NONE', 3,
 ( #431, #995, #2373, #2184, #1811, #2197, #480, #654, #1392, #1196, #643, #95, #1248, #1763, #851, #1416, #50, #455, #244, #2161, #1405, #1222, #1569, #2334, #1986, #1004, #1775, #58, #813, #2346, #444, #1208, #1873, #2234 ),
 .UNSPECIFIED., .F., .F.,
 ( 4, 2, 2, 2, 2, 2, 2, 2, 2, 2, 2, 2, 2, 2, 2, 2, 4 ),
 ( 0.01406923413761092950, 0.01494836267953455859, 0.01582749122145818768, 0.01670661976338181851, 0.01758574830530544586, 0.01846487684722907668, 0.01934400538915270751, 0.02022313393107633486, 0.02110226247299996222, 0.02198139101492359304, 0.02286051955684722387, 0.02373964809877085122, 0.02461877664069448204, 0.02549790518261810940, 0.02637703372454174022, 0.02725616226646537105, 0.02813529080838899840 ),
 .UNSPECIFIED. ) ;
#2378 = CARTESIAN_POINT ( 'NONE',  ( -272.4847162813392742, 392.1814545063087394, 161.9910242925608941 ) ) ;
#2379 = DIRECTION ( 'NONE',  ( 0.000000000000000000, 0.000000000000000000, -1.000000000000000000 ) ) ;
#2380 = ORIENTED_EDGE ( 'NONE', *, *, #1028, .F. ) ;
#2381 = CARTESIAN_POINT ( 'NONE',  ( 2.416172178494123909E-14, 704.2053900641531072, -197.2954308275950837 ) ) ;
#2382 = CARTESIAN_POINT ( 'NONE',  ( 317.0000000000000000, 150.0000000000000284, 7.764260706594219753E-14 ) ) ;
#2383 = CARTESIAN_POINT ( 'NONE',  ( -1.995617850441141483, 394.2340549970972461, -316.9938353377993963 ) ) ;
#2384 = CARTESIAN_POINT ( 'NONE',  ( -274.9252820100490453, 389.0163553831189915, -163.7561989731362360 ) ) ;
#2385 = AXIS2_PLACEMENT_3D ( 'NONE', #2381, #648, #126 ) ;
#2386 = CARTESIAN_POINT ( 'NONE',  ( -276.5423691119182763, 394.5458412963566275, -161.0105662972574976 ) ) ;
#2387 = AXIS2_PLACEMENT_3D ( 'NONE', #1406, #796, #2124 ) ;
#2388 = CARTESIAN_POINT ( 'NONE',  ( 4.500000000000007994, 390.1899999999999977, 319.9683578105810398 ) ) ;
#2389 = VECTOR ( 'NONE', #2411, 1000.000000000000000 ) ;
#2390 = CARTESIAN_POINT ( 'NONE',  ( -276.7523906999712153, 390.1899999999999977, 154.5869148467959349 ) ) ;
#2391 = AXIS2_PLACEMENT_3D ( 'NONE', #2431, #922, #1842 ) ;
#2392 = CARTESIAN_POINT ( 'NONE',  ( -4.355620794954471187, 391.3583127114754348, -319.9703609278054728 ) ) ;
#2393 = ORIENTED_EDGE ( 'NONE', *, *, #767, .T. ) ;
#2394 = CARTESIAN_POINT ( 'NONE',  ( 0.000000000000000000, 704.2053900641531072, 0.000000000000000000 ) ) ;
#2395 = CARTESIAN_POINT ( 'NONE',  ( 0.000000000000000000, 150.0000000000000284, 0.000000000000000000 ) ) ;
#2396 = CARTESIAN_POINT ( 'NONE',  ( -316.1768662589612404, 135.6029410036696845, -3.872049872284776558E-14 ) ) ;
#2397 = CYLINDRICAL_SURFACE ( 'NONE', #1062, 4.500000000000003553 ) ;
#2398 = CARTESIAN_POINT ( 'NONE',  ( 0.000000000000000000, 276.6677123335954320, 320.0000000000000000 ) ) ;
#2399 = EDGE_CURVE ( 'NONE', #2056, #656, #839, .T. ) ;
#2400 = DIRECTION ( 'NONE',  ( -0.4999999999999938938, 0.000000000000000000, 0.8660254037844421493 ) ) ;
#2401 = CARTESIAN_POINT ( 'NONE',  ( 0.000000000000000000, 704.2053900641531072, 0.000000000000000000 ) ) ;
#2402 = CARTESIAN_POINT ( 'NONE',  ( -90.93266739736586146, -8.817456953860914693E-16, 58.00000000000041211 ) ) ;
#2403 = ORIENTED_EDGE ( 'NONE', *, *, #1393, .T. ) ;
#2404 = DIRECTION ( 'NONE',  ( 0.000000000000000000, -1.000000000000000000, 0.000000000000000000 ) ) ;
#2405 = CARTESIAN_POINT ( 'NONE',  ( -275.2531006650155518, 385.9205015005172186, 157.2412283749652033 ) ) ;
#2406 = VERTEX_POINT ( 'NONE', #631 ) ;
#2407 = CARTESIAN_POINT ( 'NONE',  ( -2.973394448850276817, 386.7995557286865846, 319.9862529054942115 ) ) ;
#2408 = DIRECTION ( 'NONE',  ( -0.000000000000000000, 1.000000000000000000, -0.000000000000000000 ) ) ;
#2409 = CARTESIAN_POINT ( 'NONE',  ( -210.9703240350002602, 16.66110728174800215, 421.9406480700003499 ) ) ;
#2410 = CARTESIAN_POINT ( 'NONE',  ( -4.500000000000008882, 390.4873967484958825, 319.9683578105811534 ) ) ;
#2411 = DIRECTION ( 'NONE',  ( -0.000000000000000000, 1.000000000000000000, -0.000000000000000000 ) ) ;
#2412 = CARTESIAN_POINT ( 'NONE',  ( -275.4188721028310169, 387.2133189474319011, -162.9247927631643620 ) ) ;
#2413 = EDGE_CURVE ( 'NONE', #1518, #2113, #1785, .T. ) ;
#2414 = CARTESIAN_POINT ( 'NONE',  ( -3.578270470493172706, 387.4455705430153216, -316.9798455994457527 ) ) ;
#2415 = CARTESIAN_POINT ( 'NONE',  ( -272.7256921782863515, 392.9403631488756901, -161.5850360286572709 ) ) ;
#2416 = EDGE_LOOP ( 'NONE', ( #557, #346 ) ) ;
#2417 = CARTESIAN_POINT ( 'NONE',  ( 272.2673420381693177, 389.6003109048467650, 162.3560831252528374 ) ) ;
#2418 = DIRECTION ( 'NONE',  ( 0.000000000000000000, 0.000000000000000000, 1.000000000000000000 ) ) ;
#2419 = ORIENTED_EDGE ( 'NONE', *, *, #952, .T. ) ;
#2420 = DIRECTION ( 'NONE',  ( 0.8660254037844398178, 0.000000000000000000, 0.4999999999999980016 ) ) ;
#2421 = CARTESIAN_POINT ( 'NONE',  ( 139.1954009879374325, 3.279040902431347160, 3.409304045518197978E-14 ) ) ;
#2422 = CARTESIAN_POINT ( 'NONE',  ( -90.93266739736617410, 3.000000000000000000, -57.99999999999977973 ) ) ;
#2423 = DIRECTION ( 'NONE',  ( 0.000000000000000000, 0.000000000000000000, 1.000000000000000000 ) ) ;
#2424 = EDGE_CURVE ( 'NONE', #1840, #1904, #2349, .T. ) ;
#2425 = CARTESIAN_POINT ( 'NONE',  ( -275.3239315798611528, 387.4396369810256147, -163.0851303516812720 ) ) ;
#2426 = CARTESIAN_POINT ( 'NONE',  ( 1.451079006951411676, 385.9201942557974121, 319.9968257692746079 ) ) ;
#2427 = ORIENTED_EDGE ( 'NONE', *, *, #1657, .T. ) ;
#2428 = CARTESIAN_POINT ( 'NONE',  ( 272.2523906999733754, 389.8926705139306819, 162.3811434808520175 ) ) ;
#2429 = CARTESIAN_POINT ( 'NONE',  ( 258.3333333333332575, 0.000000000000000000, 516.6666666666667425 ) ) ;
#2430 = EDGE_LOOP ( 'NONE', ( #2136, #1201 ) ) ;
#2431 = CARTESIAN_POINT ( 'NONE',  ( -303.1088913245527579, 390.1899999999999977, 175.0000000000014211 ) ) ;
#2432 = AXIS2_PLACEMENT_3D ( 'NONE', #861, #103, #1077 ) ;
#2433 = CARTESIAN_POINT ( 'NONE',  ( 4.270601285233721178, 388.7411889708677677, 316.9712521850582903 ) ) ;
#2434 = CARTESIAN_POINT ( 'NONE',  ( 276.4015266860556608, 394.4609460764354480, -161.2521945927313993 ) ) ;
#2435 = CARTESIAN_POINT ( 'NONE',  ( 274.9242034665844585, 391.3548750447361613, 163.7580093203176261 ) ) ;
#2436 = EDGE_CURVE ( 'NONE', #248, #1510, #2377, .T. ) ;
#2437 = CARTESIAN_POINT ( 'NONE',  ( 292.0422696846607096, 74.70096701306968612, 0.000000000000000000 ) ) ;
#2438 =( NAMED_UNIT ( * ) SI_UNIT ( $, .STERADIAN. ) SOLID_ANGLE_UNIT ( ) );
#2439 = DIRECTION ( 'NONE',  ( 0.8660254037844363761, 0.000000000000000000, -0.5000000000000041078 ) ) ;
#2440 = EDGE_LOOP ( 'NONE', ( #1366, #2031, #2427, #1647, #194, #637, #1989, #1917, #1623, #1478, #324 ) ) ;
#2441 = DIRECTION ( 'NONE',  ( 0.000000000000000000, 0.000000000000000000, -1.000000000000000000 ) ) ;
#2442 = EDGE_CURVE ( 'NONE', #1726, #1263, #1956, .T. ) ;
#2443 = ORIENTED_EDGE ( 'NONE', *, *, #913, .F. ) ;
#2444 = CARTESIAN_POINT ( 'NONE',  ( -278.6031082114856190, 393.5801120617828133, 157.4177601566067608 ) ) ;
#2445 = DIRECTION ( 'NONE',  ( -0.8660254037844328234, 0.000000000000000000, 0.5000000000000101030 ) ) ;
#2446 = ORIENTED_EDGE ( 'NONE', *, *, #1737, .F. ) ;
#2447 = B_SPLINE_CURVE_WITH_KNOTS ( 'NONE', 3,
 ( #1981, #776, #412, #2118, #1551, #259, #1360, #55, #974, #2166, #1384, #638, #238, #1970, #209, #1202, #613, #1587 ),
 .UNSPECIFIED., .F., .F.,
 ( 4, 2, 2, 2, 2, 2, 2, 2, 4 ),
 ( 0.02110599965867659966, 0.02198466105239066729, 0.02286332244610473144, 0.02374198383981879906, 0.02462064523353286669, 0.02549930662724693084, 0.02637796802096099846, 0.02725662941467506262, 0.02813529080838913024 ),
 .UNSPECIFIED. ) ;
#2448 = CARTESIAN_POINT ( 'NONE',  ( -90.93266739736617410, 0.000000000000000000, -46.99999999999980105 ) ) ;
#2449 = CARTESIAN_POINT ( 'NONE',  ( 276.8342187684870055, 394.6613535911811823, 160.5082542806988499 ) ) ;
#2450 = CARTESIAN_POINT ( 'NONE',  ( -210.9703240350001749, 16.66110728174800215, -421.9406480700003499 ) ) ;
#2451 = APPLICATION_CONTEXT ( 'automotive_design' ) ;
#2452 = CARTESIAN_POINT ( 'NONE',  ( -4.470584275248109307, 389.5981694610060231, -316.9684797910234124 ) ) ;
#2453 = CARTESIAN_POINT ( 'NONE',  ( 0.000000000000000000, 700.0000000000000000, 0.000000000000000000 ) ) ;
#2454 = VERTEX_POINT ( 'NONE', #731 ) ;
#2455 = DIRECTION ( 'NONE',  ( -0.000000000000000000, -1.000000000000000000, -0.000000000000000000 ) ) ;
#2456 = EDGE_CURVE ( 'NONE', #1311, #1753, #1272, .T. ) ;
#2457 = EDGE_LOOP ( 'NONE', ( #1183, #1094, #1359, #1474 ) ) ;
#2458 = CARTESIAN_POINT ( 'NONE',  ( 4.470861808999878839, 390.7811260716548531, -316.9684760002189137 ) ) ;
#2459 = CARTESIAN_POINT ( 'NONE',  ( -127.0462727737098874, 3.000000000000000000, 254.0925455474196610 ) ) ;
#2460 = DIRECTION ( 'NONE',  ( -0.000000000000000000, 1.000000000000000000, -0.000000000000000000 ) ) ;
#2461 = CARTESIAN_POINT ( 'NONE',  ( 278.1191448498332761, 394.2355599520954570, 158.2713350021154213 ) ) ;
#2462 = CARTESIAN_POINT ( 'NONE',  ( -317.0000000000000000, 147.9576209620995826, -3.882130353297109876E-14 ) ) ;
#2463 = FACE_BOUND ( 'NONE', #949, .T. ) ;
#2464 = VERTEX_POINT ( 'NONE', #681 ) ;
#2465 = DIRECTION ( 'NONE',  ( 0.000000000000000000, 0.000000000000000000, -1.000000000000000000 ) ) ;
#2466 = ORIENTED_EDGE ( 'NONE', *, *, #516, .T. ) ;
#2467 = AXIS2_PLACEMENT_3D ( 'NONE', #6, #2471, #364 ) ;
#2468 = CARTESIAN_POINT ( 'NONE',  ( 1.994903174667030488, 394.2344372607041691, -316.9938401854572589 ) ) ;
#2469 = B_SPLINE_CURVE_WITH_KNOTS ( 'NONE', 3,
 ( #951, #965, #1565, #2317, #614, #440, #1349, #763, #18, #1552, #1524, #604, #46, #2119, #401, #1373, #1175, #1742, #424, #1944 ),
 .UNSPECIFIED., .F., .F.,
 ( 4, 1, 1, 1, 1, 1, 1, 1, 1, 1, 1, 1, 1, 1, 1, 1, 1, 4 ),
 ( 0.000000000000000000, 0.03125000000000000000, 0.06250000000000000000, 0.1250000000000000000, 0.1875000000000000000, 0.2500000000000000000, 0.3750000000000000000, 0.5000000000000000000, 0.6250000000000000000, 0.6875000000000000000, 0.7500000000000000000, 0.8125000000000000000, 0.8750000000000000000, 0.9062500000000000000, 0.9375000000000000000, 0.9687500000000000000, 0.9843750000000000000, 1.000000000000000000 ),
 .UNSPECIFIED. ) ;
#2470 = CARTESIAN_POINT ( 'NONE',  ( 4.500000000000007994, 390.1899999999999977, 316.9680583276492030 ) ) ;
#2471 = DIRECTION ( 'NONE',  ( -0.000000000000000000, 1.000000000000000000, -0.000000000000000000 ) ) ;
#2472 = CARTESIAN_POINT ( 'NONE',  ( 6.735557395310420329E-16, -8.817456953860914693E-16, -99.50000000000000000 ) ) ;
#2473 = AXIS2_PLACEMENT_3D ( 'NONE', #2281, #1906, #1655 ) ;
#2475 = CARTESIAN_POINT ( 'NONE',  ( -316.1768662589612404, 135.6029410036696845, -3.872049872284776558E-14 ) ) ;
#2474 = VECTOR ( 'NONE', #959, 999.9999999999998863 ) ;
ENDSEC;
END-ISO-10303-21;
